[{"model": "inventarios.tipomovimiento", "pk": 1, "fields": {"nombre": "Venta", "descripcion": "productos que son vendidos a los clientes", "naturaleza": "Salida"}}, {"model": "inventarios.tipomovimiento", "pk": 2, "fields": {"nombre": "Compra", "descripcion": "productos que ingresan como entradas a las tiendas o almacenes", "naturaleza": "Entrada"}}, {"model": "inventarios.tipomovimiento", "pk": 3, "fields": {"nombre": "Devoluci¾n", "descripcion": "devoluci¾n a los proveedores", "naturaleza": "Salida"}}, {"model": "inventarios.tipomovimiento", "pk": 4, "fields": {"nombre": "Perdida", "descripcion": "sin devoluci¾n de los proveedores", "naturaleza": "Salida"}}, {"model": "predicciones.configuracionmodelo", "pk": 7, "fields": {"nombre": "Configuraci¾n Inicial2", "dataset": "pocos", "crecimiento": "logistic", "cap_max": 6.0, "cap_min": 2.0, "int_confianza": 0.82, "est_anual": false, "fourier_anual": 102, "est_semanal": false, "fourier_semanal": 30, "est_diaria": false, "fourier_diaria": null, "modo_est": "multiplicative", "scale_est": 102.0, "scale_feriados": 102.0, "scale_cambio": 0.2, "n_cambios": 22, "cambios": ["2025-09-11", "2025-09-12", "2025-09-13"], "usar_feriados": true, "eventos": [{"ds": "2021-06-13", "holiday": "san juan", "lower_window": 5, "upper_window": 2}], "estacionalidades_extra": [{"fourier_order": 2, "mode": "additive", "name": "gran poder", "period": 2}], "regresores": [{"mode": "multiplicative", "name": "a±o neuvo", "prior_scale": 2}], "inc_tendencia": false, "inc_estacionalidad": false, "incertidumbre_muestras": 2000, "frecuencia": "D", "descripcion": "Configuraci¾n inicial generada automßticamente para el dataset diario2", "estado": false}}, {"model": "predicciones.configuracionmodelo", "pk": 9, "fields": {"nombre": "y", "dataset": "normal", "crecimiento": "linear", "cap_max": 25.0, "cap_min": 12.0, "int_confianza": 0.8, "est_anual": false, "fourier_anual": 10, "est_semanal": true, "fourier_semanal": 3, "est_diaria": false, "fourier_diaria": null, "modo_est": "multiplicative", "scale_est": 3.0, "scale_feriados": 0.0, "scale_cambio": 0.05, "n_cambios": 10, "cambios": [], "usar_feriados": false, "eventos": [], "estacionalidades_extra": [], "regresores": [], "inc_tendencia": true, "inc_estacionalidad": true, "incertidumbre_muestras": 500, "frecuencia": "D", "descripcion": "modelo de prueba", "estado": true}}, {"model": "predicciones.configuracionmodelo", "pk": 10, "fields": {"nombre": "prueba x", "dataset": "huecos", "crecimiento": "logistic", "cap_max": 7000.0, "cap_min": 3000.0, "int_confianza": 0.97, "est_anual": true, "fourier_anual": 17, "est_semanal": true, "fourier_semanal": 7, "est_diaria": true, "fourier_diaria": 7, "modo_est": "multiplicative", "scale_est": 17.0, "scale_feriados": 17.0, "scale_cambio": 0.07, "n_cambios": 25, "cambios": ["2025-09-13", "2025-09-14", "2025-09-15", "2025-09-16"], "usar_feriados": true, "eventos": [{"holiday": "san juanito", "ds": "2025-07-14", "lower_window": 17, "upper_window": 7}], "estacionalidades_extra": [{"name": "verano ", "period": 17, "fourier_order": 7, "mode": "multiplicative"}], "regresores": [{"name": "a±o nuevo", "prior_scale": 27, "mode": "multiplicative"}], "inc_tendencia": true, "inc_estacionalidad": true, "incertidumbre_muestras": 7000, "frecuencia": "D", "descripcion": "prueba con 7", "estado": true}}, {"model": "predicciones.detalleprediccion", "pk": 1, "fields": {"prediccion": 1, "cantidad": 21, "fecha": "2021-03-28"}}, {"model": "predicciones.detalleprediccion", "pk": 2, "fields": {"prediccion": 1, "cantidad": 16, "fecha": "2021-03-29"}}, {"model": "predicciones.detalleprediccion", "pk": 3, "fields": {"prediccion": 1, "cantidad": 19, "fecha": "2021-03-30"}}, {"model": "predicciones.detalleprediccion", "pk": 4, "fields": {"prediccion": 1, "cantidad": 19, "fecha": "2021-03-31"}}, {"model": "predicciones.detalleprediccion", "pk": 5, "fields": {"prediccion": 1, "cantidad": 22, "fecha": "2021-04-01"}}, {"model": "predicciones.detalleprediccion", "pk": 6, "fields": {"prediccion": 1, "cantidad": 20, "fecha": "2021-04-02"}}, {"model": "predicciones.detalleprediccion", "pk": 7, "fields": {"prediccion": 1, "cantidad": 19, "fecha": "2021-04-03"}}, {"model": "predicciones.detalleprediccion", "pk": 8, "fields": {"prediccion": 2, "cantidad": 19, "fecha": "2021-04-28"}}, {"model": "predicciones.detalleprediccion", "pk": 9, "fields": {"prediccion": 2, "cantidad": 19, "fecha": "2021-04-29"}}, {"model": "predicciones.detalleprediccion", "pk": 10, "fields": {"prediccion": 2, "cantidad": 21, "fecha": "2021-04-30"}}, {"model": "predicciones.detalleprediccion", "pk": 11, "fields": {"prediccion": 2, "cantidad": 19, "fecha": "2021-05-01"}}, {"model": "predicciones.detalleprediccion", "pk": 12, "fields": {"prediccion": 2, "cantidad": 23, "fecha": "2021-05-02"}}, {"model": "predicciones.detalleprediccion", "pk": 13, "fields": {"prediccion": 2, "cantidad": 17, "fecha": "2021-05-03"}}, {"model": "predicciones.detalleprediccion", "pk": 14, "fields": {"prediccion": 2, "cantidad": 17, "fecha": "2021-05-04"}}, {"model": "predicciones.detalleprediccion", "pk": 15, "fields": {"prediccion": 2, "cantidad": 19, "fecha": "2021-05-05"}}, {"model": "predicciones.detalleprediccion", "pk": 16, "fields": {"prediccion": 2, "cantidad": 19, "fecha": "2021-05-06"}}, {"model": "predicciones.detalleprediccion", "pk": 17, "fields": {"prediccion": 2, "cantidad": 21, "fecha": "2021-05-07"}}, {"model": "predicciones.detalleprediccion", "pk": 18, "fields": {"prediccion": 2, "cantidad": 19, "fecha": "2021-05-08"}}, {"model": "predicciones.detalleprediccion", "pk": 19, "fields": {"prediccion": 2, "cantidad": 23, "fecha": "2021-05-09"}}, {"model": "predicciones.detalleprediccion", "pk": 20, "fields": {"prediccion": 2, "cantidad": 17, "fecha": "2021-05-10"}}, {"model": "predicciones.detalleprediccion", "pk": 21, "fields": {"prediccion": 2, "cantidad": 17, "fecha": "2021-05-11"}}, {"model": "predicciones.detalleprediccion", "pk": 22, "fields": {"prediccion": 2, "cantidad": 20, "fecha": "2021-05-12"}}, {"model": "predicciones.detalleprediccion", "pk": 23, "fields": {"prediccion": 2, "cantidad": 19, "fecha": "2021-05-13"}}, {"model": "predicciones.detalleprediccion", "pk": 24, "fields": {"prediccion": 2, "cantidad": 21, "fecha": "2021-05-14"}}, {"model": "predicciones.detalleprediccion", "pk": 25, "fields": {"prediccion": 2, "cantidad": 19, "fecha": "2021-05-15"}}, {"model": "predicciones.detalleprediccion", "pk": 26, "fields": {"prediccion": 2, "cantidad": 23, "fecha": "2021-05-16"}}, {"model": "predicciones.detalleprediccion", "pk": 27, "fields": {"prediccion": 2, "cantidad": 17, "fecha": "2021-05-17"}}, {"model": "predicciones.detalleprediccion", "pk": 28, "fields": {"prediccion": 2, "cantidad": 17, "fecha": "2021-05-18"}}, {"model": "predicciones.detalleprediccion", "pk": 29, "fields": {"prediccion": 3, "cantidad": 21, "fecha": "2021-05-28"}}, {"model": "predicciones.detalleprediccion", "pk": 30, "fields": {"prediccion": 3, "cantidad": 17, "fecha": "2021-05-29"}}, {"model": "predicciones.detalleprediccion", "pk": 31, "fields": {"prediccion": 3, "cantidad": 21, "fecha": "2021-05-30"}}, {"model": "predicciones.detalleprediccion", "pk": 32, "fields": {"prediccion": 3, "cantidad": 18, "fecha": "2021-05-31"}}, {"model": "predicciones.detalleprediccion", "pk": 33, "fields": {"prediccion": 3, "cantidad": 19, "fecha": "2021-06-01"}}, {"model": "predicciones.detalleprediccion", "pk": 34, "fields": {"prediccion": 3, "cantidad": 22, "fecha": "2021-06-02"}}, {"model": "predicciones.detalleprediccion", "pk": 35, "fields": {"prediccion": 3, "cantidad": 18, "fecha": "2021-06-03"}}, {"model": "predicciones.detalleprediccion", "pk": 36, "fields": {"prediccion": 3, "cantidad": 21, "fecha": "2021-06-04"}}, {"model": "predicciones.detalleprediccion", "pk": 37, "fields": {"prediccion": 3, "cantidad": 17, "fecha": "2021-06-05"}}, {"model": "predicciones.detalleprediccion", "pk": 38, "fields": {"prediccion": 3, "cantidad": 21, "fecha": "2021-06-06"}}, {"model": "predicciones.detalleprediccion", "pk": 39, "fields": {"prediccion": 3, "cantidad": 18, "fecha": "2021-06-07"}}, {"model": "predicciones.detalleprediccion", "pk": 40, "fields": {"prediccion": 3, "cantidad": 19, "fecha": "2021-06-08"}}, {"model": "predicciones.detalleprediccion", "pk": 41, "fields": {"prediccion": 3, "cantidad": 22, "fecha": "2021-06-09"}}, {"model": "predicciones.detalleprediccion", "pk": 42, "fields": {"prediccion": 3, "cantidad": 18, "fecha": "2021-06-10"}}, {"model": "ventas.cliente", "pk": 1, "fields": {"nombre": "William Fabricio Tito Vargas", "correo": "wil.fabri777@gmail.com", "nit_ci": "8295706"}}, {"model": "ventas.cliente", "pk": 2, "fields": {"nombre": "Alejandra Isabella Parraga Cruz", "correo": "isabella172813@gmail.com", "nit_ci": "8675640"}}, {"model": "ventas.cliente", "pk": 3, "fields": {"nombre": "Juan Gustabo", "correo": "gus@gmail.com", "nit_ci": "8675645"}}, {"model": "ventas.cliente", "pk": 4, "fields": {"nombre": "Carla Marisol Tito Vargas", "correo": "carl@gmail.com", "nit_ci": "8765678"}}, {"model": "ventas.cliente", "pk": 5, "fields": {"nombre": "Fabrico Miguel Tito", "correo": "fabri@gmail.com", "nit_ci": "8675674"}}, {"model": "ventas.comprobanteventa", "pk": 3, "fields": {"venta": 3, "numero_comprobante": "F-000003"}}, {"model": "ventas.comprobanteventa", "pk": 4, "fields": {"venta": 4, "numero_comprobante": "F-000004"}}, {"model": "ventas.comprobanteventa", "pk": 5, "fields": {"venta": 5, "numero_comprobante": "F-000005"}}, {"model": "ventas.comprobanteventa", "pk": 6, "fields": {"venta": 6, "numero_comprobante": "F-000006"}}, {"model": "ventas.comprobanteventa", "pk": 7, "fields": {"venta": 7, "numero_comprobante": "F-000007"}}, {"model": "ventas.comprobanteventa", "pk": 8, "fields": {"venta": 8, "numero_comprobante": "F-000008"}}, {"model": "ventas.comprobanteventa", "pk": 9, "fields": {"venta": 11, "numero_comprobante": "F-000011"}}, {"model": "ventas.comprobanteventa", "pk": 10, "fields": {"venta": 12, "numero_comprobante": "F-000012"}}, {"model": "ventas.comprobanteventa", "pk": 11, "fields": {"venta": 17, "numero_comprobante": "F-000017"}}, {"model": "ventas.comprobanteventa", "pk": 12, "fields": {"venta": 18, "numero_comprobante": "F-000018"}}, {"model": "ventas.comprobanteventa", "pk": 13, "fields": {"venta": 19, "numero_comprobante": "F-000019"}}, {"model": "ventas.comprobanteventa", "pk": 14, "fields": {"venta": 20, "numero_comprobante": "F-000020"}}, {"model": "ventas.comprobanteventa", "pk": 15, "fields": {"venta": 21, "numero_comprobante": "F-000021"}}, {"model": "ventas.comprobanteventa", "pk": 16, "fields": {"venta": 23, "numero_comprobante": "F-000023"}}, {"model": "ventas.comprobanteventa", "pk": 17, "fields": {"venta": 24, "numero_comprobante": "F-000024"}}, {"model": "ventas.comprobanteventa", "pk": 18, "fields": {"venta": 25, "numero_comprobante": "F-000025"}}, {"model": "ventas.comprobanteventa", "pk": 19, "fields": {"venta": 26, "numero_comprobante": "F-000026"}}, {"model": "ventas.comprobanteventa", "pk": 20, "fields": {"venta": 27, "numero_comprobante": "F-000027"}}, {"model": "ventas.comprobanteventa", "pk": 21, "fields": {"venta": 28, "numero_comprobante": "F-000028"}}, {"model": "ventas.comprobanteventa", "pk": 22, "fields": {"venta": 29, "numero_comprobante": "F-000029"}}, {"model": "ventas.comprobanteventa", "pk": 23, "fields": {"venta": 30, "numero_comprobante": "F-000030"}}, {"model": "ventas.comprobanteventa", "pk": 24, "fields": {"venta": 31, "numero_comprobante": "F-000031"}}, {"model": "ventas.comprobanteventa", "pk": 25, "fields": {"venta": 32, "numero_comprobante": "F-000032"}}, {"model": "ventas.comprobanteventa", "pk": 26, "fields": {"venta": 33, "numero_comprobante": "F-000033"}}, {"model": "ventas.comprobanteventa", "pk": 27, "fields": {"venta": 34, "numero_comprobante": "F-000034"}}, {"model": "ventas.comprobanteventa", "pk": 28, "fields": {"venta": 35, "numero_comprobante": "F-000035"}}, {"model": "ventas.comprobanteventa", "pk": 29, "fields": {"venta": 36, "numero_comprobante": "F-000036"}}, {"model": "ventas.comprobanteventa", "pk": 30, "fields": {"venta": 37, "numero_comprobante": "F-000037"}}, {"model": "ventas.comprobanteventa", "pk": 31, "fields": {"venta": 39, "numero_comprobante": "F-000039"}}, {"model": "ventas.comprobanteventa", "pk": 32, "fields": {"venta": 41, "numero_comprobante": "F-000041"}}, {"model": "ventas.comprobanteventa", "pk": 33, "fields": {"venta": 213, "numero_comprobante": "F-000213"}}, {"model": "ventas.comprobanteventa", "pk": 34, "fields": {"venta": 214, "numero_comprobante": "F-000214"}}, {"model": "ventas.comprobanteventa", "pk": 35, "fields": {"venta": 215, "numero_comprobante": "F-000215"}}, {"model": "ventas.comprobanteventa", "pk": 36, "fields": {"venta": 216, "numero_comprobante": "F-000216"}}, {"model": "ventas.comprobanteventa", "pk": 37, "fields": {"venta": 217, "numero_comprobante": "F-000217"}}, {"model": "ventas.comprobanteventa", "pk": 38, "fields": {"venta": 218, "numero_comprobante": "F-000218"}}, {"model": "ventas.comprobanteventa", "pk": 39, "fields": {"venta": 219, "numero_comprobante": "F-000219"}}, {"model": "ventas.comprobanteventa", "pk": 40, "fields": {"venta": 222, "numero_comprobante": "F-000222"}}, {"model": "ventas.comprobanteventa", "pk": 41, "fields": {"venta": 223, "numero_comprobante": "F-000223"}}, {"model": "ventas.comprobanteventa", "pk": 42, "fields": {"venta": 224, "numero_comprobante": "F-000224"}}, {"model": "ventas.comprobanteventa", "pk": 43, "fields": {"venta": 225, "numero_comprobante": "F-000225"}}, {"model": "ventas.comprobanteventa", "pk": 44, "fields": {"venta": 226, "numero_comprobante": "F-000226"}}, {"model": "ventas.comprobanteventa", "pk": 45, "fields": {"venta": 228, "numero_comprobante": "F-000228"}}, {"model": "ventas.comprobanteventa", "pk": 46, "fields": {"venta": 229, "numero_comprobante": "F-000229"}}, {"model": "ventas.comprobanteventa", "pk": 47, "fields": {"venta": 230, "numero_comprobante": "F-000230"}}, {"model": "ventas.comprobanteventa", "pk": 48, "fields": {"venta": 231, "numero_comprobante": "F-000231"}}, {"model": "ventas.comprobanteventa", "pk": 49, "fields": {"venta": 232, "numero_comprobante": "F-000232"}}, {"model": "ventas.comprobanteventa", "pk": 50, "fields": {"venta": 233, "numero_comprobante": "F-000233"}}, {"model": "ventas.comprobanteventa", "pk": 51, "fields": {"venta": 234, "numero_comprobante": "F-000234"}}, {"model": "ventas.comprobanteventa", "pk": 52, "fields": {"venta": 235, "numero_comprobante": "F-000235"}}, {"model": "ventas.comprobanteventa", "pk": 53, "fields": {"venta": 236, "numero_comprobante": "F-000236"}}, {"model": "ventas.comprobanteventa", "pk": 54, "fields": {"venta": 237, "numero_comprobante": "F-000237"}}, {"model": "ventas.comprobanteventa", "pk": 55, "fields": {"venta": 239, "numero_comprobante": "F-000239"}}, {"model": "ventas.comprobanteventa", "pk": 56, "fields": {"venta": 241, "numero_comprobante": "F-000241"}}, {"model": "ventas.comprobanteventa", "pk": 57, "fields": {"venta": 242, "numero_comprobante": "F-000242"}}, {"model": "ventas.detalleventa", "pk": 4, "fields": {"venta": 3, "inventario": 5, "cantidad": "2.000", "precio_unitario": "21.00", "sub_total": "0.00", "descuento_unitario": "2.00"}}, {"model": "ventas.detalleventa", "pk": 5, "fields": {"venta": 4, "inventario": 5, "cantidad": "10.000", "precio_unitario": "21.00", "sub_total": "0.00", "descuento_unitario": "0.00"}}, {"model": "ventas.detalleventa", "pk": 6, "fields": {"venta": 5, "inventario": 9, "cantidad": "1.000", "precio_unitario": "21.00", "sub_total": "0.00", "descuento_unitario": "0.00"}}, {"model": "ventas.detalleventa", "pk": 7, "fields": {"venta": 5, "inventario": 5, "cantidad": "1.000", "precio_unitario": "21.00", "sub_total": "0.00", "descuento_unitario": "0.00"}}, {"model": "ventas.detalleventa", "pk": 8, "fields": {"venta": 6, "inventario": 5, "cantidad": "1.000", "precio_unitario": "21.00", "sub_total": "0.00", "descuento_unitario": "0.00"}}, {"model": "ventas.detalleventa", "pk": 9, "fields": {"venta": 6, "inventario": 9, "cantidad": "1.000", "precio_unitario": "21.00", "sub_total": "0.00", "descuento_unitario": "0.00"}}, {"model": "ventas.detalleventa", "pk": 10, "fields": {"venta": 7, "inventario": 9, "cantidad": "1.000", "precio_unitario": "21.00", "sub_total": "21.00", "descuento_unitario": "0.00"}}, {"model": "ventas.detalleventa", "pk": 11, "fields": {"venta": 7, "inventario": 5, "cantidad": "1.000", "precio_unitario": "21.00", "sub_total": "21.00", "descuento_unitario": "0.00"}}, {"model": "ventas.detalleventa", "pk": 12, "fields": {"venta": 8, "inventario": 5, "cantidad": "2.000", "precio_unitario": "21.00", "sub_total": "42.00", "descuento_unitario": "0.00"}}, {"model": "ventas.detalleventa", "pk": 13, "fields": {"venta": 8, "inventario": 6, "cantidad": "2.000", "precio_unitario": "20.00", "sub_total": "40.00", "descuento_unitario": "0.00"}}, {"model": "ventas.detalleventa", "pk": 14, "fields": {"venta": 9, "inventario": 5, "cantidad": "7.000", "precio_unitario": "21.00", "sub_total": "146.00", "descuento_unitario": "1.00"}}, {"model": "ventas.detalleventa", "pk": 15, "fields": {"venta": 10, "inventario": 5, "cantidad": "7.000", "precio_unitario": "21.00", "sub_total": "147.00", "descuento_unitario": "0.00"}}, {"model": "ventas.detalleventa", "pk": 16, "fields": {"venta": 11, "inventario": 5, "cantidad": "7.000", "precio_unitario": "21.00", "sub_total": "147.00", "descuento_unitario": "0.00"}}, {"model": "ventas.detalleventa", "pk": 17, "fields": {"venta": 12, "inventario": 7, "cantidad": "7.000", "precio_unitario": "50.00", "sub_total": "349.00", "descuento_unitario": "1.00"}}, {"model": "ventas.detalleventa", "pk": 18, "fields": {"venta": 12, "inventario": 8, "cantidad": "7.000", "precio_unitario": "40.00", "sub_total": "279.00", "descuento_unitario": "1.00"}}, {"model": "ventas.detalleventa", "pk": 19, "fields": {"venta": 12, "inventario": 9, "cantidad": "7.000", "precio_unitario": "21.00", "sub_total": "146.00", "descuento_unitario": "1.00"}}, {"model": "ventas.detalleventa", "pk": 20, "fields": {"venta": 13, "inventario": 7, "cantidad": "1.000", "precio_unitario": "50.00", "sub_total": "49.00", "descuento_unitario": "1.00"}}, {"model": "ventas.detalleventa", "pk": 21, "fields": {"venta": 13, "inventario": 9, "cantidad": "2.000", "precio_unitario": "21.00", "sub_total": "41.00", "descuento_unitario": "1.00"}}, {"model": "ventas.detalleventa", "pk": 22, "fields": {"venta": 14, "inventario": 7, "cantidad": "1.000", "precio_unitario": "50.00", "sub_total": "49.00", "descuento_unitario": "1.00"}}, {"model": "ventas.detalleventa", "pk": 23, "fields": {"venta": 15, "inventario": 7, "cantidad": "1.000", "precio_unitario": "50.00", "sub_total": "49.00", "descuento_unitario": "1.00"}}, {"model": "ventas.detalleventa", "pk": 24, "fields": {"venta": 15, "inventario": 8, "cantidad": "1.000", "precio_unitario": "40.00", "sub_total": "39.00", "descuento_unitario": "1.00"}}, {"model": "ventas.detalleventa", "pk": 25, "fields": {"venta": 15, "inventario": 9, "cantidad": "1.000", "precio_unitario": "21.00", "sub_total": "20.00", "descuento_unitario": "1.00"}}, {"model": "ventas.detalleventa", "pk": 26, "fields": {"venta": 16, "inventario": 7, "cantidad": "1.000", "precio_unitario": "50.00", "sub_total": "49.00", "descuento_unitario": "1.00"}}, {"model": "ventas.detalleventa", "pk": 27, "fields": {"venta": 16, "inventario": 8, "cantidad": "1.000", "precio_unitario": "40.00", "sub_total": "39.00", "descuento_unitario": "1.00"}}, {"model": "ventas.detalleventa", "pk": 28, "fields": {"venta": 16, "inventario": 9, "cantidad": "1.000", "precio_unitario": "21.00", "sub_total": "20.00", "descuento_unitario": "1.00"}}, {"model": "ventas.detalleventa", "pk": 29, "fields": {"venta": 17, "inventario": 7, "cantidad": "1.000", "precio_unitario": "50.00", "sub_total": "49.00", "descuento_unitario": "1.00"}}, {"model": "ventas.detalleventa", "pk": 30, "fields": {"venta": 17, "inventario": 8, "cantidad": "1.000", "precio_unitario": "40.00", "sub_total": "39.00", "descuento_unitario": "1.00"}}, {"model": "ventas.detalleventa", "pk": 31, "fields": {"venta": 17, "inventario": 9, "cantidad": "1.000", "precio_unitario": "21.00", "sub_total": "20.00", "descuento_unitario": "1.00"}}, {"model": "ventas.detalleventa", "pk": 32, "fields": {"venta": 18, "inventario": 5, "cantidad": "1.000", "precio_unitario": "21.00", "sub_total": "20.00", "descuento_unitario": "1.00"}}, {"model": "ventas.detalleventa", "pk": 33, "fields": {"venta": 18, "inventario": 6, "cantidad": "1.000", "precio_unitario": "20.00", "sub_total": "19.00", "descuento_unitario": "1.00"}}, {"model": "ventas.detalleventa", "pk": 34, "fields": {"venta": 18, "inventario": 7, "cantidad": "1.000", "precio_unitario": "50.00", "sub_total": "49.00", "descuento_unitario": "1.00"}}, {"model": "ventas.detalleventa", "pk": 35, "fields": {"venta": 18, "inventario": 8, "cantidad": "1.000", "precio_unitario": "40.00", "sub_total": "39.00", "descuento_unitario": "1.00"}}, {"model": "ventas.detalleventa", "pk": 36, "fields": {"venta": 18, "inventario": 9, "cantidad": "1.000", "precio_unitario": "21.00", "sub_total": "20.00", "descuento_unitario": "1.00"}}, {"model": "ventas.detalleventa", "pk": 37, "fields": {"venta": 19, "inventario": 7, "cantidad": "5.000", "precio_unitario": "50.00", "sub_total": "245.00", "descuento_unitario": "5.00"}}, {"model": "ventas.detalleventa", "pk": 38, "fields": {"venta": 19, "inventario": 8, "cantidad": "5.000", "precio_unitario": "40.00", "sub_total": "195.00", "descuento_unitario": "5.00"}}, {"model": "ventas.detalleventa", "pk": 39, "fields": {"venta": 19, "inventario": 9, "cantidad": "5.000", "precio_unitario": "21.00", "sub_total": "100.00", "descuento_unitario": "5.00"}}, {"model": "ventas.detalleventa", "pk": 40, "fields": {"venta": 20, "inventario": 7, "cantidad": "7.000", "precio_unitario": "50.00", "sub_total": "349.00", "descuento_unitario": "1.00"}}, {"model": "ventas.detalleventa", "pk": 41, "fields": {"venta": 20, "inventario": 8, "cantidad": "7.000", "precio_unitario": "40.00", "sub_total": "279.00", "descuento_unitario": "1.00"}}, {"model": "ventas.detalleventa", "pk": 42, "fields": {"venta": 20, "inventario": 9, "cantidad": "7.000", "precio_unitario": "21.00", "sub_total": "146.00", "descuento_unitario": "1.00"}}, {"model": "ventas.detalleventa", "pk": 43, "fields": {"venta": 21, "inventario": 7, "cantidad": "5.000", "precio_unitario": "50.00", "sub_total": "249.00", "descuento_unitario": "1.00"}}, {"model": "ventas.detalleventa", "pk": 44, "fields": {"venta": 21, "inventario": 8, "cantidad": "5.000", "precio_unitario": "40.00", "sub_total": "199.00", "descuento_unitario": "1.00"}}, {"model": "ventas.detalleventa", "pk": 45, "fields": {"venta": 21, "inventario": 9, "cantidad": "5.000", "precio_unitario": "21.00", "sub_total": "104.00", "descuento_unitario": "1.00"}}, {"model": "ventas.detalleventa", "pk": 46, "fields": {"venta": 22, "inventario": 5, "cantidad": "2.000", "precio_unitario": "21.00", "sub_total": "40.00", "descuento_unitario": "2.00"}}, {"model": "ventas.detalleventa", "pk": 47, "fields": {"venta": 23, "inventario": 5, "cantidad": "2.000", "precio_unitario": "21.00", "sub_total": "40.00", "descuento_unitario": "2.00"}}, {"model": "ventas.detalleventa", "pk": 48, "fields": {"venta": 24, "inventario": 5, "cantidad": "2.000", "precio_unitario": "21.00", "sub_total": "40.00", "descuento_unitario": "2.00"}}, {"model": "ventas.detalleventa", "pk": 49, "fields": {"venta": 25, "inventario": 5, "cantidad": "2.000", "precio_unitario": "21.00", "sub_total": "40.00", "descuento_unitario": "2.00"}}, {"model": "ventas.detalleventa", "pk": 50, "fields": {"venta": 26, "inventario": 6, "cantidad": "5.000", "precio_unitario": "20.00", "sub_total": "95.00", "descuento_unitario": "5.00"}}, {"model": "ventas.detalleventa", "pk": 51, "fields": {"venta": 26, "inventario": 6, "cantidad": "5.000", "precio_unitario": "20.00", "sub_total": "95.00", "descuento_unitario": "5.00"}}, {"model": "ventas.detalleventa", "pk": 52, "fields": {"venta": 27, "inventario": 9, "cantidad": "1.000", "precio_unitario": "21.00", "sub_total": "20.00", "descuento_unitario": "1.00"}}, {"model": "ventas.detalleventa", "pk": 53, "fields": {"venta": 28, "inventario": 9, "cantidad": "1.000", "precio_unitario": "21.00", "sub_total": "20.00", "descuento_unitario": "1.00"}}, {"model": "ventas.detalleventa", "pk": 54, "fields": {"venta": 28, "inventario": 8, "cantidad": "1.000", "precio_unitario": "40.00", "sub_total": "39.00", "descuento_unitario": "1.00"}}, {"model": "ventas.detalleventa", "pk": 55, "fields": {"venta": 28, "inventario": 7, "cantidad": "1.000", "precio_unitario": "50.00", "sub_total": "49.00", "descuento_unitario": "1.00"}}, {"model": "ventas.detalleventa", "pk": 56, "fields": {"venta": 29, "inventario": 9, "cantidad": "2.000", "precio_unitario": "21.00", "sub_total": "40.00", "descuento_unitario": "2.00"}}, {"model": "ventas.detalleventa", "pk": 57, "fields": {"venta": 29, "inventario": 7, "cantidad": "2.000", "precio_unitario": "50.00", "sub_total": "98.00", "descuento_unitario": "2.00"}}, {"model": "ventas.detalleventa", "pk": 58, "fields": {"venta": 29, "inventario": 8, "cantidad": "2.000", "precio_unitario": "40.00", "sub_total": "78.00", "descuento_unitario": "2.00"}}, {"model": "ventas.detalleventa", "pk": 59, "fields": {"venta": 30, "inventario": 7, "cantidad": "3.000", "precio_unitario": "50.00", "sub_total": "147.00", "descuento_unitario": "3.00"}}, {"model": "ventas.detalleventa", "pk": 60, "fields": {"venta": 30, "inventario": 8, "cantidad": "3.000", "precio_unitario": "40.00", "sub_total": "117.00", "descuento_unitario": "3.00"}}, {"model": "ventas.detalleventa", "pk": 61, "fields": {"venta": 30, "inventario": 9, "cantidad": "3.000", "precio_unitario": "21.00", "sub_total": "60.00", "descuento_unitario": "3.00"}}, {"model": "ventas.detalleventa", "pk": 62, "fields": {"venta": 31, "inventario": 7, "cantidad": "4.000", "precio_unitario": "50.00", "sub_total": "196.00", "descuento_unitario": "4.00"}}, {"model": "ventas.detalleventa", "pk": 63, "fields": {"venta": 31, "inventario": 8, "cantidad": "4.000", "precio_unitario": "40.00", "sub_total": "156.00", "descuento_unitario": "4.00"}}, {"model": "ventas.detalleventa", "pk": 64, "fields": {"venta": 31, "inventario": 9, "cantidad": "4.000", "precio_unitario": "21.00", "sub_total": "80.00", "descuento_unitario": "4.00"}}, {"model": "ventas.detalleventa", "pk": 65, "fields": {"venta": 32, "inventario": 7, "cantidad": "5.000", "precio_unitario": "50.00", "sub_total": "245.00", "descuento_unitario": "5.00"}}, {"model": "ventas.detalleventa", "pk": 66, "fields": {"venta": 32, "inventario": 8, "cantidad": "5.000", "precio_unitario": "40.00", "sub_total": "195.00", "descuento_unitario": "5.00"}}, {"model": "ventas.detalleventa", "pk": 67, "fields": {"venta": 32, "inventario": 9, "cantidad": "5.000", "precio_unitario": "21.00", "sub_total": "100.00", "descuento_unitario": "5.00"}}, {"model": "ventas.detalleventa", "pk": 68, "fields": {"venta": 33, "inventario": 7, "cantidad": "5.000", "precio_unitario": "50.00", "sub_total": "245.00", "descuento_unitario": "5.00"}}, {"model": "ventas.detalleventa", "pk": 69, "fields": {"venta": 33, "inventario": 8, "cantidad": "5.000", "precio_unitario": "40.00", "sub_total": "195.00", "descuento_unitario": "5.00"}}, {"model": "ventas.detalleventa", "pk": 70, "fields": {"venta": 33, "inventario": 9, "cantidad": "5.000", "precio_unitario": "21.00", "sub_total": "100.00", "descuento_unitario": "5.00"}}, {"model": "ventas.detalleventa", "pk": 71, "fields": {"venta": 34, "inventario": 7, "cantidad": "6.000", "precio_unitario": "50.00", "sub_total": "294.00", "descuento_unitario": "6.00"}}, {"model": "ventas.detalleventa", "pk": 72, "fields": {"venta": 34, "inventario": 8, "cantidad": "6.000", "precio_unitario": "40.00", "sub_total": "234.00", "descuento_unitario": "6.00"}}, {"model": "ventas.detalleventa", "pk": 73, "fields": {"venta": 34, "inventario": 9, "cantidad": "6.000", "precio_unitario": "21.00", "sub_total": "120.00", "descuento_unitario": "6.00"}}, {"model": "ventas.detalleventa", "pk": 74, "fields": {"venta": 35, "inventario": 7, "cantidad": "1.000", "precio_unitario": "50.00", "sub_total": "49.00", "descuento_unitario": "1.00"}}, {"model": "ventas.detalleventa", "pk": 75, "fields": {"venta": 35, "inventario": 8, "cantidad": "1.000", "precio_unitario": "40.00", "sub_total": "39.00", "descuento_unitario": "1.00"}}, {"model": "ventas.detalleventa", "pk": 76, "fields": {"venta": 35, "inventario": 9, "cantidad": "1.000", "precio_unitario": "21.00", "sub_total": "20.00", "descuento_unitario": "1.00"}}, {"model": "ventas.detalleventa", "pk": 77, "fields": {"venta": 36, "inventario": 9, "cantidad": "1.000", "precio_unitario": "21.00", "sub_total": "20.00", "descuento_unitario": "1.00"}}, {"model": "ventas.detalleventa", "pk": 78, "fields": {"venta": 37, "inventario": 7, "cantidad": "3.000", "precio_unitario": "50.00", "sub_total": "149.00", "descuento_unitario": "1.00"}}, {"model": "ventas.detalleventa", "pk": 79, "fields": {"venta": 37, "inventario": 8, "cantidad": "3.000", "precio_unitario": "40.00", "sub_total": "119.00", "descuento_unitario": "1.00"}}, {"model": "ventas.detalleventa", "pk": 80, "fields": {"venta": 37, "inventario": 9, "cantidad": "3.000", "precio_unitario": "21.00", "sub_total": "62.00", "descuento_unitario": "1.00"}}, {"model": "ventas.detalleventa", "pk": 81, "fields": {"venta": 38, "inventario": 5, "cantidad": "1.000", "precio_unitario": "21.00", "sub_total": "21.00", "descuento_unitario": "0.00"}}, {"model": "ventas.detalleventa", "pk": 82, "fields": {"venta": 38, "inventario": 6, "cantidad": "1.000", "precio_unitario": "20.00", "sub_total": "20.00", "descuento_unitario": "0.00"}}, {"model": "ventas.detalleventa", "pk": 83, "fields": {"venta": 39, "inventario": 7, "cantidad": "4.000", "precio_unitario": "50.00", "sub_total": "199.50", "descuento_unitario": "0.50"}}, {"model": "ventas.detalleventa", "pk": 84, "fields": {"venta": 39, "inventario": 8, "cantidad": "4.000", "precio_unitario": "40.00", "sub_total": "159.50", "descuento_unitario": "0.50"}}, {"model": "ventas.detalleventa", "pk": 85, "fields": {"venta": 40, "inventario": 7, "cantidad": "5.000", "precio_unitario": "50.00", "sub_total": "248.80", "descuento_unitario": "1.20"}}, {"model": "ventas.detalleventa", "pk": 86, "fields": {"venta": 40, "inventario": 8, "cantidad": "5.000", "precio_unitario": "40.00", "sub_total": "198.90", "descuento_unitario": "1.10"}}, {"model": "ventas.detalleventa", "pk": 87, "fields": {"venta": 41, "inventario": 7, "cantidad": "6.000", "precio_unitario": "50.00", "sub_total": "298.40", "descuento_unitario": "1.60"}}, {"model": "ventas.detalleventa", "pk": 88, "fields": {"venta": 41, "inventario": 8, "cantidad": "6.000", "precio_unitario": "40.00", "sub_total": "238.50", "descuento_unitario": "1.50"}}, {"model": "ventas.detalleventa", "pk": 89, "fields": {"venta": 42, "inventario": 7, "cantidad": "10.000", "precio_unitario": "50.00", "sub_total": "498.40", "descuento_unitario": "1.60"}}, {"model": "ventas.detalleventa", "pk": 90, "fields": {"venta": 42, "inventario": 8, "cantidad": "10.000", "precio_unitario": "40.00", "sub_total": "398.50", "descuento_unitario": "1.50"}}, {"model": "ventas.detalleventa", "pk": 91, "fields": {"venta": 212, "inventario": 5, "cantidad": "1.000", "precio_unitario": "21.00", "sub_total": "21.00", "descuento_unitario": "0.00"}}, {"model": "ventas.detalleventa", "pk": 92, "fields": {"venta": 213, "inventario": 5, "cantidad": "2.000", "precio_unitario": "21.00", "sub_total": "40.30", "descuento_unitario": "1.70"}}, {"model": "ventas.detalleventa", "pk": 93, "fields": {"venta": 213, "inventario": 6, "cantidad": "4.000", "precio_unitario": "20.00", "sub_total": "78.30", "descuento_unitario": "1.70"}}, {"model": "ventas.detalleventa", "pk": 94, "fields": {"venta": 213, "inventario": 10, "cantidad": "6.000", "precio_unitario": "14.00", "sub_total": "82.80", "descuento_unitario": "1.20"}}, {"model": "ventas.detalleventa", "pk": 95, "fields": {"venta": 214, "inventario": 9, "cantidad": "4.000", "precio_unitario": "21.00", "sub_total": "83.50", "descuento_unitario": "0.50"}}, {"model": "ventas.detalleventa", "pk": 96, "fields": {"venta": 214, "inventario": 8, "cantidad": "2.000", "precio_unitario": "40.00", "sub_total": "79.60", "descuento_unitario": "0.40"}}, {"model": "ventas.detalleventa", "pk": 97, "fields": {"venta": 214, "inventario": 10, "cantidad": "1.000", "precio_unitario": "14.00", "sub_total": "13.70", "descuento_unitario": "0.30"}}, {"model": "ventas.detalleventa", "pk": 98, "fields": {"venta": 215, "inventario": 5, "cantidad": "1.000", "precio_unitario": "21.00", "sub_total": "20.70", "descuento_unitario": "0.30"}}, {"model": "ventas.detalleventa", "pk": 99, "fields": {"venta": 215, "inventario": 8, "cantidad": "2.000", "precio_unitario": "40.00", "sub_total": "79.90", "descuento_unitario": "0.10"}}, {"model": "ventas.detalleventa", "pk": 100, "fields": {"venta": 215, "inventario": 7, "cantidad": "1.000", "precio_unitario": "50.00", "sub_total": "49.90", "descuento_unitario": "0.10"}}, {"model": "ventas.detalleventa", "pk": 101, "fields": {"venta": 216, "inventario": 7, "cantidad": "1.000", "precio_unitario": "50.00", "sub_total": "50.00", "descuento_unitario": "0.00"}}, {"model": "ventas.detalleventa", "pk": 102, "fields": {"venta": 216, "inventario": 8, "cantidad": "1.000", "precio_unitario": "40.00", "sub_total": "40.00", "descuento_unitario": "0.00"}}, {"model": "ventas.detalleventa", "pk": 103, "fields": {"venta": 216, "inventario": 10, "cantidad": "1.000", "precio_unitario": "14.00", "sub_total": "14.00", "descuento_unitario": "0.00"}}, {"model": "ventas.detalleventa", "pk": 104, "fields": {"venta": 217, "inventario": 7, "cantidad": "19.000", "precio_unitario": "50.00", "sub_total": "947.60", "descuento_unitario": "2.40"}}, {"model": "ventas.detalleventa", "pk": 105, "fields": {"venta": 217, "inventario": 8, "cantidad": "14.000", "precio_unitario": "40.00", "sub_total": "556.10", "descuento_unitario": "3.90"}}, {"model": "ventas.detalleventa", "pk": 106, "fields": {"venta": 217, "inventario": 10, "cantidad": "15.000", "precio_unitario": "14.00", "sub_total": "207.60", "descuento_unitario": "2.40"}}, {"model": "ventas.detalleventa", "pk": 107, "fields": {"venta": 218, "inventario": 5, "cantidad": "5.000", "precio_unitario": "21.00", "sub_total": "104.40", "descuento_unitario": "0.60"}}, {"model": "ventas.detalleventa", "pk": 108, "fields": {"venta": 218, "inventario": 6, "cantidad": "5.000", "precio_unitario": "20.00", "sub_total": "98.60", "descuento_unitario": "1.40"}}, {"model": "ventas.detalleventa", "pk": 109, "fields": {"venta": 218, "inventario": 7, "cantidad": "2.000", "precio_unitario": "50.00", "sub_total": "98.40", "descuento_unitario": "1.60"}}, {"model": "ventas.detalleventa", "pk": 110, "fields": {"venta": 218, "inventario": 8, "cantidad": "4.000", "precio_unitario": "40.00", "sub_total": "158.90", "descuento_unitario": "1.10"}}, {"model": "ventas.detalleventa", "pk": 111, "fields": {"venta": 218, "inventario": 10, "cantidad": "7.000", "precio_unitario": "14.00", "sub_total": "96.80", "descuento_unitario": "1.20"}}, {"model": "ventas.detalleventa", "pk": 112, "fields": {"venta": 219, "inventario": 5, "cantidad": "6.000", "precio_unitario": "21.00", "sub_total": "124.30", "descuento_unitario": "1.70"}}, {"model": "ventas.detalleventa", "pk": 113, "fields": {"venta": 219, "inventario": 7, "cantidad": "14.000", "precio_unitario": "50.00", "sub_total": "699.30", "descuento_unitario": "0.70"}}, {"model": "ventas.detalleventa", "pk": 114, "fields": {"venta": 219, "inventario": 8, "cantidad": "5.000", "precio_unitario": "40.00", "sub_total": "199.50", "descuento_unitario": "0.50"}}, {"model": "ventas.detalleventa", "pk": 115, "fields": {"venta": 220, "inventario": 5, "cantidad": "11.000", "precio_unitario": "21.00", "sub_total": "230.10", "descuento_unitario": "0.90"}}, {"model": "ventas.detalleventa", "pk": 116, "fields": {"venta": 220, "inventario": 7, "cantidad": "8.000", "precio_unitario": "50.00", "sub_total": "399.50", "descuento_unitario": "0.50"}}, {"model": "ventas.detalleventa", "pk": 117, "fields": {"venta": 220, "inventario": 8, "cantidad": "7.000", "precio_unitario": "40.00", "sub_total": "279.70", "descuento_unitario": "0.30"}}, {"model": "ventas.detalleventa", "pk": 118, "fields": {"venta": 221, "inventario": 8, "cantidad": "1.000", "precio_unitario": "40.00", "sub_total": "40.00", "descuento_unitario": "0.00"}}, {"model": "ventas.detalleventa", "pk": 119, "fields": {"venta": 221, "inventario": 7, "cantidad": "1.000", "precio_unitario": "50.00", "sub_total": "50.00", "descuento_unitario": "0.00"}}, {"model": "ventas.detalleventa", "pk": 120, "fields": {"venta": 222, "inventario": 8, "cantidad": "2.000", "precio_unitario": "40.00", "sub_total": "80.00", "descuento_unitario": "0.00"}}, {"model": "ventas.detalleventa", "pk": 121, "fields": {"venta": 222, "inventario": 7, "cantidad": "1.000", "precio_unitario": "50.00", "sub_total": "50.00", "descuento_unitario": "0.00"}}, {"model": "ventas.detalleventa", "pk": 122, "fields": {"venta": 223, "inventario": 8, "cantidad": "1.000", "precio_unitario": "40.00", "sub_total": "40.00", "descuento_unitario": "0.00"}}, {"model": "ventas.detalleventa", "pk": 123, "fields": {"venta": 223, "inventario": 7, "cantidad": "1.000", "precio_unitario": "50.00", "sub_total": "50.00", "descuento_unitario": "0.00"}}, {"model": "ventas.detalleventa", "pk": 124, "fields": {"venta": 223, "inventario": 5, "cantidad": "1.000", "precio_unitario": "21.00", "sub_total": "21.00", "descuento_unitario": "0.00"}}, {"model": "ventas.detalleventa", "pk": 125, "fields": {"venta": 224, "inventario": 5, "cantidad": "1.000", "precio_unitario": "21.00", "sub_total": "21.00", "descuento_unitario": "0.00"}}, {"model": "ventas.detalleventa", "pk": 126, "fields": {"venta": 224, "inventario": 7, "cantidad": "1.000", "precio_unitario": "50.00", "sub_total": "50.00", "descuento_unitario": "0.00"}}, {"model": "ventas.detalleventa", "pk": 127, "fields": {"venta": 224, "inventario": 8, "cantidad": "1.000", "precio_unitario": "40.00", "sub_total": "40.00", "descuento_unitario": "0.00"}}, {"model": "ventas.detalleventa", "pk": 128, "fields": {"venta": 224, "inventario": 10, "cantidad": "1.000", "precio_unitario": "14.00", "sub_total": "14.00", "descuento_unitario": "0.00"}}, {"model": "ventas.detalleventa", "pk": 129, "fields": {"venta": 225, "inventario": 10, "cantidad": "1.000", "precio_unitario": "14.00", "sub_total": "14.00", "descuento_unitario": "0.00"}}, {"model": "ventas.detalleventa", "pk": 130, "fields": {"venta": 225, "inventario": 8, "cantidad": "1.000", "precio_unitario": "40.00", "sub_total": "40.00", "descuento_unitario": "0.00"}}, {"model": "ventas.detalleventa", "pk": 131, "fields": {"venta": 225, "inventario": 7, "cantidad": "1.000", "precio_unitario": "50.00", "sub_total": "50.00", "descuento_unitario": "0.00"}}, {"model": "ventas.detalleventa", "pk": 132, "fields": {"venta": 226, "inventario": 5, "cantidad": "3.000", "precio_unitario": "21.00", "sub_total": "62.50", "descuento_unitario": "0.50"}}, {"model": "ventas.detalleventa", "pk": 133, "fields": {"venta": 226, "inventario": 10, "cantidad": "3.000", "precio_unitario": "14.00", "sub_total": "40.50", "descuento_unitario": "1.50"}}, {"model": "ventas.detalleventa", "pk": 134, "fields": {"venta": 227, "inventario": 5, "cantidad": "4.000", "precio_unitario": "21.00", "sub_total": "83.60", "descuento_unitario": "0.40"}}, {"model": "ventas.detalleventa", "pk": 135, "fields": {"venta": 227, "inventario": 7, "cantidad": "4.000", "precio_unitario": "50.00", "sub_total": "199.70", "descuento_unitario": "0.30"}}, {"model": "ventas.detalleventa", "pk": 136, "fields": {"venta": 227, "inventario": 8, "cantidad": "4.000", "precio_unitario": "40.00", "sub_total": "159.70", "descuento_unitario": "0.30"}}, {"model": "ventas.detalleventa", "pk": 137, "fields": {"venta": 228, "inventario": 7, "cantidad": "4.000", "precio_unitario": "50.00", "sub_total": "199.50", "descuento_unitario": "0.50"}}, {"model": "ventas.detalleventa", "pk": 138, "fields": {"venta": 228, "inventario": 8, "cantidad": "4.000", "precio_unitario": "40.00", "sub_total": "159.50", "descuento_unitario": "0.50"}}, {"model": "ventas.detalleventa", "pk": 139, "fields": {"venta": 228, "inventario": 10, "cantidad": "6.000", "precio_unitario": "14.00", "sub_total": "84.00", "descuento_unitario": "0.00"}}, {"model": "ventas.detalleventa", "pk": 140, "fields": {"venta": 228, "inventario": 5, "cantidad": "7.000", "precio_unitario": "21.00", "sub_total": "147.00", "descuento_unitario": "0.00"}}, {"model": "ventas.detalleventa", "pk": 141, "fields": {"venta": 229, "inventario": 7, "cantidad": "3.000", "precio_unitario": "50.00", "sub_total": "149.80", "descuento_unitario": "0.20"}}, {"model": "ventas.detalleventa", "pk": 142, "fields": {"venta": 229, "inventario": 8, "cantidad": "5.000", "precio_unitario": "40.00", "sub_total": "199.70", "descuento_unitario": "0.30"}}, {"model": "ventas.detalleventa", "pk": 143, "fields": {"venta": 229, "inventario": 10, "cantidad": "5.000", "precio_unitario": "14.00", "sub_total": "69.50", "descuento_unitario": "0.50"}}, {"model": "ventas.detalleventa", "pk": 144, "fields": {"venta": 230, "inventario": 10, "cantidad": "8.000", "precio_unitario": "14.00", "sub_total": "111.50", "descuento_unitario": "0.50"}}, {"model": "ventas.detalleventa", "pk": 145, "fields": {"venta": 230, "inventario": 7, "cantidad": "15.000", "precio_unitario": "50.00", "sub_total": "749.70", "descuento_unitario": "0.30"}}, {"model": "ventas.detalleventa", "pk": 146, "fields": {"venta": 230, "inventario": 8, "cantidad": "10.000", "precio_unitario": "40.00", "sub_total": "399.80", "descuento_unitario": "0.20"}}, {"model": "ventas.detalleventa", "pk": 147, "fields": {"venta": 231, "inventario": 7, "cantidad": "4.000", "precio_unitario": "50.00", "sub_total": "199.80", "descuento_unitario": "0.20"}}, {"model": "ventas.detalleventa", "pk": 148, "fields": {"venta": 231, "inventario": 8, "cantidad": "5.000", "precio_unitario": "40.00", "sub_total": "199.60", "descuento_unitario": "0.40"}}, {"model": "ventas.detalleventa", "pk": 149, "fields": {"venta": 231, "inventario": 10, "cantidad": "6.000", "precio_unitario": "14.00", "sub_total": "83.50", "descuento_unitario": "0.50"}}, {"model": "ventas.detalleventa", "pk": 150, "fields": {"venta": 232, "inventario": 7, "cantidad": "3.000", "precio_unitario": "50.00", "sub_total": "149.80", "descuento_unitario": "0.20"}}, {"model": "ventas.detalleventa", "pk": 151, "fields": {"venta": 233, "inventario": 5, "cantidad": "5.000", "precio_unitario": "21.00", "sub_total": "104.70", "descuento_unitario": "0.30"}}, {"model": "ventas.detalleventa", "pk": 152, "fields": {"venta": 234, "inventario": 7, "cantidad": "1.000", "precio_unitario": "50.00", "sub_total": "50.00", "descuento_unitario": "0.00"}}, {"model": "ventas.detalleventa", "pk": 153, "fields": {"venta": 234, "inventario": 8, "cantidad": "1.000", "precio_unitario": "40.00", "sub_total": "40.00", "descuento_unitario": "0.00"}}, {"model": "ventas.detalleventa", "pk": 154, "fields": {"venta": 235, "inventario": 8, "cantidad": "1.000", "precio_unitario": "40.00", "sub_total": "40.00", "descuento_unitario": "0.00"}}, {"model": "ventas.detalleventa", "pk": 155, "fields": {"venta": 236, "inventario": 5, "cantidad": "1.000", "precio_unitario": "21.00", "sub_total": "21.00", "descuento_unitario": "0.00"}}, {"model": "ventas.detalleventa", "pk": 156, "fields": {"venta": 237, "inventario": 9, "cantidad": "5.000", "precio_unitario": "21.00", "sub_total": "104.60", "descuento_unitario": "0.40"}}, {"model": "ventas.detalleventa", "pk": 157, "fields": {"venta": 237, "inventario": 8, "cantidad": "7.000", "precio_unitario": "40.00", "sub_total": "279.70", "descuento_unitario": "0.30"}}, {"model": "ventas.detalleventa", "pk": 158, "fields": {"venta": 237, "inventario": 10, "cantidad": "9.000", "precio_unitario": "14.00", "sub_total": "125.80", "descuento_unitario": "0.20"}}, {"model": "ventas.detalleventa", "pk": 159, "fields": {"venta": 237, "inventario": 6, "cantidad": "14.000", "precio_unitario": "20.00", "sub_total": "278.90", "descuento_unitario": "1.10"}}, {"model": "ventas.detalleventa", "pk": 160, "fields": {"venta": 237, "inventario": 7, "cantidad": "6.000", "precio_unitario": "50.00", "sub_total": "299.30", "descuento_unitario": "0.70"}}, {"model": "ventas.detalleventa", "pk": 161, "fields": {"venta": 239, "inventario": 9, "cantidad": "4.000", "precio_unitario": "21.00", "sub_total": "84.00", "descuento_unitario": "0.00"}}, {"model": "ventas.detalleventa", "pk": 162, "fields": {"venta": 239, "inventario": 10, "cantidad": "1.000", "precio_unitario": "14.00", "sub_total": "14.00", "descuento_unitario": "0.00"}}, {"model": "ventas.detalleventa", "pk": 163, "fields": {"venta": 240, "inventario": 10, "cantidad": "1.000", "precio_unitario": "14.00", "sub_total": "14.00", "descuento_unitario": "0.00"}}, {"model": "ventas.detalleventa", "pk": 164, "fields": {"venta": 241, "inventario": 5, "cantidad": "3.000", "precio_unitario": "21.00", "sub_total": "62.80", "descuento_unitario": "0.20"}}, {"model": "ventas.detalleventa", "pk": 165, "fields": {"venta": 241, "inventario": 6, "cantidad": "2.000", "precio_unitario": "20.00", "sub_total": "39.80", "descuento_unitario": "0.20"}}, {"model": "ventas.detalleventa", "pk": 166, "fields": {"venta": 242, "inventario": 6, "cantidad": "1.000", "precio_unitario": "20.00", "sub_total": "20.00", "descuento_unitario": "0.00"}}, {"model": "ventas.detalleventa", "pk": 167, "fields": {"venta": 242, "inventario": 5, "cantidad": "1.000", "precio_unitario": "21.00", "sub_total": "21.00", "descuento_unitario": "0.00"}}, {"model": "ventas.detalleventa", "pk": 168, "fields": {"venta": 242, "inventario": 10, "cantidad": "2.000", "precio_unitario": "14.00", "sub_total": "28.00", "descuento_unitario": "0.00"}}, {"model": "ventas.detalleventa", "pk": 169, "fields": {"venta": 243, "inventario": 12, "cantidad": "3.000", "precio_unitario": "24.00", "sub_total": "71.90", "descuento_unitario": "0.10"}}, {"model": "ventas.detalleventa", "pk": 170, "fields": {"venta": 244, "inventario": 11, "cantidad": "4.000", "precio_unitario": "7.00", "sub_total": "28.00", "descuento_unitario": "0.00"}}, {"model": "ventas.detalleventa", "pk": 171, "fields": {"venta": 245, "inventario": 10, "cantidad": "4.000", "precio_unitario": "14.00", "sub_total": "56.00", "descuento_unitario": "0.00"}}, {"model": "ventas.detalleventa", "pk": 172, "fields": {"venta": 246, "inventario": 13, "cantidad": "4.000", "precio_unitario": "14.00", "sub_total": "56.00", "descuento_unitario": "0.00"}}, {"model": "ventas.detalleventa", "pk": 173, "fields": {"venta": 247, "inventario": 15, "cantidad": "4.000", "precio_unitario": "33.00", "sub_total": "132.00", "descuento_unitario": "0.00"}}, {"model": "ventas.detalleventa", "pk": 174, "fields": {"venta": 248, "inventario": 14, "cantidad": "4.000", "precio_unitario": "43.00", "sub_total": "172.00", "descuento_unitario": "0.00"}}, {"model": "ventas.detalleventa", "pk": 175, "fields": {"venta": 249, "inventario": 16, "cantidad": "4.000", "precio_unitario": "7.50", "sub_total": "30.00", "descuento_unitario": "0.00"}}, {"model": "ventas.detalleventa", "pk": 176, "fields": {"venta": 250, "inventario": 17, "cantidad": "4.000", "precio_unitario": "70.00", "sub_total": "280.00", "descuento_unitario": "0.00"}}, {"model": "ventas.detalleventa", "pk": 177, "fields": {"venta": 251, "inventario": 6, "cantidad": "4.000", "precio_unitario": "20.00", "sub_total": "80.00", "descuento_unitario": "0.00"}}, {"model": "usuarios.usuario", "fields": {"password": "pbkdf2_sha256$870000$PHh22uzsTXQfUup9KkYJDR$+Slhh8GPEx6ClmNWV/VP7zqNQMgRY1NFB58Gx3IKvTg=", "last_login": "2025-10-02T21:32:31.663", "is_superuser": true, "first_name": "Alejandra Isabella", "last_name": "Pßrraga Cruz", "is_staff": true, "is_active": true, "date_joined": "2025-08-05T21:29:45", "email": "ale@gmail.com", "birthday": "1993-09-24", "username": "Aleysa", "lugar_de_trabajo": 1, "groups": [["admin"]], "user_permissions": []}}, {"model": "usuarios.usuario", "fields": {"password": "pbkdf2_sha256$870000$KqkktcQVj4xgXD3hLLiFtp$rdyqnPf9OiYGQQQp+xxAj5TjKxCSFNm6eCKB/4U1dlc=", "last_login": null, "is_superuser": false, "first_name": "William Fabricio", "last_name": "Tito Vargas", "is_staff": false, "is_active": true, "date_joined": "2025-08-11T20:35:32.294", "email": "wil.fabri777@gmail.com", "birthday": "1992-09-24", "username": "wil", "lugar_de_trabajo": 2, "groups": [["Cajero"]], "user_permissions": []}}, {"model": "usuarios.usuario", "fields": {"password": "pbkdf2_sha256$870000$oWqrh8G4WT9iROkxG94dys$DHbsqet/ZwZBq5PBlFKdDm9c48+qLloGpXIFRkD4gFY=", "last_login": null, "is_superuser": false, "first_name": "Isabella Fabiana", "last_name": "Tito Cruz", "is_staff": false, "is_active": true, "date_joined": "2025-08-24T13:39:57.445", "email": "isaFabi@gmail.com", "birthday": "2030-02-26", "username": "isa_fabi", "lugar_de_trabajo": 2, "groups": [["Cajero"], ["Encargado de Tienda"]], "user_permissions": []}}, {"model": "usuarios.usuario", "fields": {"password": "pbkdf2_sha256$870000$ujbndHuVNGPTdZkuttmU7o$K3xnyCooKJInu7vAkV4UEm3KUOcOY7z68JXC6dLx9Q8=", "last_login": null, "is_superuser": false, "first_name": "Aurelio", "last_name": "Mamani Sanca", "is_staff": false, "is_active": true, "date_joined": "2025-09-14T21:45:34.617", "email": "aure@gmail.com", "birthday": "2001-01-18", "username": "aurelio", "lugar_de_trabajo": 1, "groups": [["Encargado de AlmacÚn"]], "user_permissions": []}}, {"model": "usuarios.usuario", "fields": {"password": "pbkdf2_sha256$870000$rhDubu1puEfYaEMYVvXxxd$Zj33JprkeeaXLYrnCIYp5/iSbiM21t5Wtbtp+Uix9OA=", "last_login": null, "is_superuser": false, "first_name": "Olivia Isabel", "last_name": "Flores Quiroz", "is_staff": false, "is_active": true, "date_joined": "2025-09-14T21:47:15.398", "email": "olivia@gmail.com", "birthday": "1998-07-03", "username": "oli", "lugar_de_trabajo": 1, "groups": [["Cajero"]], "user_permissions": []}}, {"model": "usuarios.usuario", "fields": {"password": "pbkdf2_sha256$870000$VCQZRz9Q7ZdbLIemLV8C7Z$xs+s70u581nkrUwaylfPJojOGQDPJC3p/QINTyJcftE=", "last_login": null, "is_superuser": false, "first_name": "Oliver Miguel", "last_name": "Quispe Ramos", "is_staff": false, "is_active": true, "date_joined": "2025-09-14T21:50:25.531", "email": "mike@gmail.com", "birthday": "2000-09-23", "username": "mike", "lugar_de_trabajo": 1, "groups": [["Cajero"], ["Encargado de Tienda"]], "user_permissions": []}}, {"model": "usuarios.usuario", "fields": {"password": "pbkdf2_sha256$870000$SncFm1JX0bft9fEy8bchFe$B57q/6EXEyfYp9D0rdXh4VpdAcxpyJopKWwv/xUJNj8=", "last_login": null, "is_superuser": false, "first_name": "Wendy Valeria", "last_name": "Torrej¾n Guerra", "is_staff": false, "is_active": true, "date_joined": "2025-09-14T21:52:58.930", "email": "vale@gmail.com", "birthday": "2002-05-07", "username": "vale", "lugar_de_trabajo": 2, "groups": [["Encargado de Tienda"]], "user_permissions": []}}, {"model": "usuarios.usuario", "fields": {"password": "pbkdf2_sha256$870000$HN0Nl2czrTIOs3U4nDXWag$gU94oJ1w+qmhek+YxvDcdhVab8T8QW2mupEoj/5pvDo=", "last_login": null, "is_superuser": false, "first_name": "Pepe", "last_name": "Tit", "is_staff": false, "is_active": true, "date_joined": "2025-09-30T17:13:47.229", "email": "pep@gmail.com", "birthday": "1995-09-24", "username": "pepin", "lugar_de_trabajo": 7, "groups": [["Encargado de AlmacÚn"]], "user_permissions": []}}, {"model": "usuarios.usuario", "fields": {"password": "pbkdf2_sha256$870000$1XJBgrWVl2vDzmD0gPHMCH$R0lK4DmlE2JjdCiLMW2//nXN7U9rPAfGsIXrqUS/oBA=", "last_login": null, "is_superuser": false, "first_name": "Pepa", "last_name": "tit", "is_staff": false, "is_active": true, "date_joined": "2025-09-30T19:32:15.455", "email": "pepa@gmail.com", "birthday": "1994-09-23", "username": "pepina", "lugar_de_trabajo": 3, "groups": [["Encargado de AlmacÚn"]], "user_permissions": []}}, {"model": "usuarios.usuario", "fields": {"password": "pbkdf2_sha256$870000$tzo5UCMJBBWGd2f7RlPzdp$O2dKt7iAFxgUphH9xElj0dlazED6CZWQxAI/H9L8v9A=", "last_login": null, "is_superuser": false, "first_name": "Stevene", "last_name": "Aguilaraa", "is_staff": false, "is_active": true, "date_joined": "2025-09-30T20:09:47.642", "email": "steve@gmail.com", "birthday": "2001-01-02", "username": "steve", "lugar_de_trabajo": 1, "groups": [["Cajero"], ["Encargado General"]], "user_permissions": []}}, {"model": "usuarios.usuario", "fields": {"password": "pbkdf2_sha256$870000$0zrXMou4tOgcwDr0Hiw8kW$fOMHrfZHUA106YMOuywgmhLoiKyxCglI2OeOThtcFf4=", "last_login": null, "is_superuser": false, "first_name": "carl", "last_name": "tit", "is_staff": false, "is_active": true, "date_joined": "2025-09-30T20:28:00.829", "email": "carls@gmail.com", "birthday": "2001-01-21", "username": "' OR 'a'='a", "lugar_de_trabajo": 1, "groups": [["Encargado de AlmacÚn"]], "user_permissions": []}}, {"model": "compras.pedido", "pk": 14, "fields": {"usuario_creacion": ["ale@gmail.com"], "usuario_modificacion": null, "fecha_creacion": "2025-09-09T17:46:40.714", "fecha_modificacion": null, "comentario_modificacion": null, "almacen": 1, "estado": "Recepcionado", "fecha_entrega": "2025-09-10", "proveedor": 4, "observaciones": "el pedido llegara a las 11 de la noche"}}, {"model": "compras.pedido", "pk": 15, "fields": {"usuario_creacion": ["ale@gmail.com"], "usuario_modificacion": null, "fecha_creacion": "2025-09-09T19:10:20.453", "fecha_modificacion": null, "comentario_modificacion": null, "almacen": 1, "estado": "Recepcionado", "fecha_entrega": "2025-09-10", "proveedor": 11, "observaciones": "tiene que venir con una bonificaci¾n de 2 bolsas de leche de mas"}}, {"model": "compras.pedido", "pk": 16, "fields": {"usuario_creacion": ["ale@gmail.com"], "usuario_modificacion": null, "fecha_creacion": "2025-09-16T20:11:53.729", "fecha_modificacion": null, "comentario_modificacion": null, "almacen": 1, "estado": "Pendiente", "fecha_entrega": "2025-09-17", "proveedor": 11, "observaciones": "bonificaci¾n 2 sachet de hamburguesas"}}, {"model": "compras.pedido", "pk": 17, "fields": {"usuario_creacion": ["isaFabi@gmail.com"], "usuario_modificacion": ["isaFabi@gmail.com"], "fecha_creacion": "2025-10-03T20:46:51.669", "fecha_modificacion": "2025-10-03T20:47:21.692", "comentario_modificacion": null, "almacen": 2, "estado": "Recepcionado", "fecha_entrega": "2025-10-04", "proveedor": 1, "observaciones": "bonificaci¾n de 2 unidades"}}, {"model": "compras.pedido", "pk": 18, "fields": {"usuario_creacion": ["mike@gmail.com"], "usuario_modificacion": null, "fecha_creacion": "2025-10-04T00:20:53.128", "fecha_modificacion": null, "comentario_modificacion": null, "almacen": 1, "estado": "Recepcionado", "fecha_entrega": "2025-10-05", "proveedor": 4, "observaciones": "promocion"}}, {"model": "compras.detallepedido", "pk": 60, "fields": {"pedido": 14, "producto": 10, "cantidad_solicitada": 9}}, {"model": "compras.detallepedido", "pk": 61, "fields": {"pedido": 14, "producto": 7, "cantidad_solicitada": 8}}, {"model": "compras.detallepedido", "pk": 62, "fields": {"pedido": 14, "producto": 8, "cantidad_solicitada": 7}}, {"model": "compras.detallepedido", "pk": 63, "fields": {"pedido": 14, "producto": 11, "cantidad_solicitada": 6}}, {"model": "compras.detallepedido", "pk": 64, "fields": {"pedido": 15, "producto": 10, "cantidad_solicitada": 7}}, {"model": "compras.detallepedido", "pk": 65, "fields": {"pedido": 15, "producto": 11, "cantidad_solicitada": 20}}, {"model": "compras.detallepedido", "pk": 66, "fields": {"pedido": 15, "producto": 7, "cantidad_solicitada": 6}}, {"model": "compras.detallepedido", "pk": 67, "fields": {"pedido": 15, "producto": 8, "cantidad_solicitada": 6}}, {"model": "compras.detallepedido", "pk": 68, "fields": {"pedido": 16, "producto": 10, "cantidad_solicitada": 5}}, {"model": "compras.detallepedido", "pk": 69, "fields": {"pedido": 16, "producto": 11, "cantidad_solicitada": 4}}, {"model": "compras.detallepedido", "pk": 71, "fields": {"pedido": 17, "producto": 5, "cantidad_solicitada": 25}}, {"model": "compras.detallepedido", "pk": 72, "fields": {"pedido": 18, "producto": 17, "cantidad_solicitada": 2}}, {"model": "compras.compra", "pk": 8, "fields": {"usuario_creacion": ["ale@gmail.com"], "usuario_modificacion": null, "fecha_creacion": "2025-09-09T17:52:01.345", "fecha_modificacion": null, "comentario_modificacion": null, "almacen": 1, "pedido": 14, "nro_factura": "123", "razon_social": "William Fabricio Tito Vargas", "observaciones": "llego una bolsa de Fridosa res", "subtotal_compra": "150.00", "descuento": "0.50", "total_compra": "149.50"}}, {"model": "compras.compra", "pk": 9, "fields": {"usuario_creacion": ["ale@gmail.com"], "usuario_modificacion": null, "fecha_creacion": "2025-09-09T19:12:24.951", "fecha_modificacion": null, "comentario_modificacion": null, "almacen": 1, "pedido": 15, "nro_factura": "123", "razon_social": "Vicky Marian", "observaciones": "no llegaron las bolsas de bonificaci¾n", "subtotal_compra": "76.00", "descuento": "0.70", "total_compra": "75.30"}}, {"model": "compras.compra", "pk": 10, "fields": {"usuario_creacion": ["isaFabi@gmail.com"], "usuario_modificacion": null, "fecha_creacion": "2025-10-03T20:50:12.473", "fecha_modificacion": null, "comentario_modificacion": null, "almacen": 2, "pedido": 17, "nro_factura": "1", "razon_social": "William", "observaciones": "llegaron 20 unidades y no asi 25", "subtotal_compra": "274.20", "descuento": "0.00", "total_compra": "274.20"}}, {"model": "compras.compra", "pk": 11, "fields": {"usuario_creacion": ["mike@gmail.com"], "usuario_modificacion": null, "fecha_creacion": "2025-10-04T00:21:41.004", "fecha_modificacion": null, "comentario_modificacion": null, "almacen": 1, "pedido": 18, "nro_factura": "2", "razon_social": "Carlos Marco", "observaciones": "no llego la promocion", "subtotal_compra": "67.00", "descuento": "0.00", "total_compra": "67.00"}}, {"model": "compras.detallecompra", "pk": 19, "fields": {"compra": 8, "inventario": 10, "cantidad": "9.000", "precio_unitario": "5.50", "subtotal": "48.30", "descuento_unitario": "1.20"}}, {"model": "compras.detallecompra", "pk": 20, "fields": {"compra": 8, "inventario": 7, "cantidad": "8.000", "precio_unitario": "5.00", "subtotal": "38.60", "descuento_unitario": "1.40"}}, {"model": "compras.detallecompra", "pk": 21, "fields": {"compra": 8, "inventario": 8, "cantidad": "7.000", "precio_unitario": "5.00", "subtotal": "33.70", "descuento_unitario": "1.30"}}, {"model": "compras.detallecompra", "pk": 22, "fields": {"compra": 8, "inventario": 11, "cantidad": "6.000", "precio_unitario": "5.00", "subtotal": "29.40", "descuento_unitario": "0.60"}}, {"model": "compras.detallecompra", "pk": 23, "fields": {"compra": 9, "inventario": 10, "cantidad": "7.000", "precio_unitario": "2.00", "subtotal": "13.50", "descuento_unitario": "0.50"}}, {"model": "compras.detallecompra", "pk": 24, "fields": {"compra": 9, "inventario": 11, "cantidad": "20.000", "precio_unitario": "2.00", "subtotal": "39.50", "descuento_unitario": "0.50"}}, {"model": "compras.detallecompra", "pk": 25, "fields": {"compra": 9, "inventario": 7, "cantidad": "6.000", "precio_unitario": "2.00", "subtotal": "11.50", "descuento_unitario": "0.50"}}, {"model": "compras.detallecompra", "pk": 26, "fields": {"compra": 9, "inventario": 8, "cantidad": "6.000", "precio_unitario": "2.00", "subtotal": "11.50", "descuento_unitario": "0.50"}}, {"model": "compras.detallecompra", "pk": 27, "fields": {"compra": 10, "inventario": 5, "cantidad": "22.000", "precio_unitario": "12.50", "subtotal": "274.20", "descuento_unitario": "0.80"}}, {"model": "compras.detallecompra", "pk": 28, "fields": {"compra": 11, "inventario": 17, "cantidad": "2.000", "precio_unitario": "34.00", "subtotal": "67.00", "descuento_unitario": "1.00"}}, {"model": "ventas.venta", "pk": 3, "fields": {"usuario_creacion": ["ale@gmail.com"], "usuario_modificacion": null, "fecha_creacion": "2025-08-11T18:17:07.476", "fecha_modificacion": null, "comentario_modificacion": "", "tienda": 1, "cliente": 1, "metodo_pago": "Efectivo", "descuento": "0.00", "total_venta": "40.00", "quiere_comprobante": true}}, {"model": "ventas.venta", "pk": 4, "fields": {"usuario_creacion": ["ale@gmail.com"], "usuario_modificacion": null, "fecha_creacion": "2025-08-12T00:40:14.785", "fecha_modificacion": null, "comentario_modificacion": "", "tienda": 1, "cliente": null, "metodo_pago": "Efectivo", "descuento": "0.00", "total_venta": "210.00", "quiere_comprobante": false}}, {"model": "ventas.venta", "pk": 5, "fields": {"usuario_creacion": ["ale@gmail.com"], "usuario_modificacion": null, "fecha_creacion": "2025-08-15T18:11:55.824", "fecha_modificacion": null, "comentario_modificacion": "", "tienda": 1, "cliente": null, "metodo_pago": "Efectivo", "descuento": "0.00", "total_venta": "42.00", "quiere_comprobante": false}}, {"model": "ventas.venta", "pk": 6, "fields": {"usuario_creacion": ["ale@gmail.com"], "usuario_modificacion": null, "fecha_creacion": "2025-08-15T18:13:21.424", "fecha_modificacion": null, "comentario_modificacion": "", "tienda": 1, "cliente": null, "metodo_pago": "Efectivo", "descuento": "0.00", "total_venta": "42.00", "quiere_comprobante": false}}, {"model": "ventas.venta", "pk": 7, "fields": {"usuario_creacion": ["ale@gmail.com"], "usuario_modificacion": null, "fecha_creacion": "2025-08-19T17:25:03.888", "fecha_modificacion": null, "comentario_modificacion": "", "tienda": 1, "cliente": 1, "metodo_pago": "Efectivo", "descuento": "0.00", "total_venta": "42.00", "quiere_comprobante": true}}, {"model": "ventas.venta", "pk": 8, "fields": {"usuario_creacion": ["ale@gmail.com"], "usuario_modificacion": null, "fecha_creacion": "2025-08-29T12:07:56.909", "fecha_modificacion": null, "comentario_modificacion": "", "tienda": 1, "cliente": null, "metodo_pago": "Efectivo", "descuento": "0.00", "total_venta": "82.00", "quiere_comprobante": true}}, {"model": "ventas.venta", "pk": 9, "fields": {"usuario_creacion": ["ale@gmail.com"], "usuario_modificacion": null, "fecha_creacion": "2025-08-29T13:27:36.607", "fecha_modificacion": null, "comentario_modificacion": "", "tienda": 1, "cliente": null, "metodo_pago": "Efectivo", "descuento": "0.00", "total_venta": "146.00", "quiere_comprobante": false}}, {"model": "ventas.venta", "pk": 10, "fields": {"usuario_creacion": ["ale@gmail.com"], "usuario_modificacion": null, "fecha_creacion": "2025-08-29T13:34:35.081", "fecha_modificacion": null, "comentario_modificacion": "", "tienda": 1, "cliente": null, "metodo_pago": "Efectivo", "descuento": "0.00", "total_venta": "147.00", "quiere_comprobante": false}}, {"model": "ventas.venta", "pk": 11, "fields": {"usuario_creacion": ["ale@gmail.com"], "usuario_modificacion": null, "fecha_creacion": "2025-08-29T13:35:55.929", "fecha_modificacion": null, "comentario_modificacion": "", "tienda": 1, "cliente": 1, "metodo_pago": "Efectivo", "descuento": "0.00", "total_venta": "147.00", "quiere_comprobante": true}}, {"model": "ventas.venta", "pk": 12, "fields": {"usuario_creacion": ["ale@gmail.com"], "usuario_modificacion": null, "fecha_creacion": "2025-08-29T13:51:39.906", "fecha_modificacion": null, "comentario_modificacion": "", "tienda": 1, "cliente": 1, "metodo_pago": "Efectivo", "descuento": "2.00", "total_venta": "774.00", "quiere_comprobante": true}}, {"model": "ventas.venta", "pk": 13, "fields": {"usuario_creacion": ["ale@gmail.com"], "usuario_modificacion": null, "fecha_creacion": "2025-08-29T17:21:57.515", "fecha_modificacion": null, "comentario_modificacion": "", "tienda": 1, "cliente": null, "metodo_pago": "Efectivo", "descuento": "1.00", "total_venta": "89.00", "quiere_comprobante": false}}, {"model": "ventas.venta", "pk": 14, "fields": {"usuario_creacion": ["ale@gmail.com"], "usuario_modificacion": null, "fecha_creacion": "2025-08-29T17:40:53.895", "fecha_modificacion": null, "comentario_modificacion": "", "tienda": 1, "cliente": null, "metodo_pago": "Efectivo", "descuento": "1.00", "total_venta": "48.00", "quiere_comprobante": false}}, {"model": "ventas.venta", "pk": 15, "fields": {"usuario_creacion": ["ale@gmail.com"], "usuario_modificacion": ["ale@gmail.com"], "fecha_creacion": "2025-08-29T17:55:21.314", "fecha_modificacion": null, "comentario_modificacion": "", "tienda": 1, "cliente": null, "metodo_pago": "Efectivo", "descuento": "1.00", "total_venta": "107.00", "quiere_comprobante": false}}, {"model": "ventas.venta", "pk": 16, "fields": {"usuario_creacion": ["ale@gmail.com"], "usuario_modificacion": ["ale@gmail.com"], "fecha_creacion": "2025-08-29T17:57:41.654", "fecha_modificacion": null, "comentario_modificacion": "", "tienda": 1, "cliente": null, "metodo_pago": "Efectivo", "descuento": "1.00", "total_venta": "107.00", "quiere_comprobante": false}}, {"model": "ventas.venta", "pk": 17, "fields": {"usuario_creacion": ["ale@gmail.com"], "usuario_modificacion": ["ale@gmail.com"], "fecha_creacion": "2025-08-29T18:03:28.942", "fecha_modificacion": null, "comentario_modificacion": "", "tienda": 1, "cliente": 1, "metodo_pago": "Efectivo", "descuento": "2.00", "total_venta": "106.00", "quiere_comprobante": true}}, {"model": "ventas.venta", "pk": 18, "fields": {"usuario_creacion": ["ale@gmail.com"], "usuario_modificacion": ["ale@gmail.com"], "fecha_creacion": "2025-08-29T18:21:06.628", "fecha_modificacion": null, "comentario_modificacion": "", "tienda": 1, "cliente": 1, "metodo_pago": "Efectivo", "descuento": "5.00", "total_venta": "142.00", "quiere_comprobante": true}}, {"model": "ventas.venta", "pk": 19, "fields": {"usuario_creacion": ["ale@gmail.com"], "usuario_modificacion": ["ale@gmail.com"], "fecha_creacion": "2025-08-29T18:24:40.276", "fecha_modificacion": null, "comentario_modificacion": "", "tienda": 1, "cliente": 1, "metodo_pago": "Efectivo", "descuento": "5.00", "total_venta": "535.00", "quiere_comprobante": true}}, {"model": "ventas.venta", "pk": 20, "fields": {"usuario_creacion": ["ale@gmail.com"], "usuario_modificacion": ["ale@gmail.com"], "fecha_creacion": "2025-08-29T18:35:03.556", "fecha_modificacion": null, "comentario_modificacion": "", "tienda": 1, "cliente": 1, "metodo_pago": "Efectivo", "descuento": "7.00", "total_venta": "767.00", "quiere_comprobante": true}}, {"model": "ventas.venta", "pk": 21, "fields": {"usuario_creacion": ["ale@gmail.com"], "usuario_modificacion": ["ale@gmail.com"], "fecha_creacion": "2025-08-29T18:38:12.063", "fecha_modificacion": null, "comentario_modificacion": "", "tienda": 1, "cliente": 1, "metodo_pago": "Efectivo", "descuento": "1.00", "total_venta": "551.00", "quiere_comprobante": true}}, {"model": "ventas.venta", "pk": 22, "fields": {"usuario_creacion": ["ale@gmail.com"], "usuario_modificacion": ["ale@gmail.com"], "fecha_creacion": "2025-08-29T18:43:02.106", "fecha_modificacion": null, "comentario_modificacion": "", "tienda": 1, "cliente": null, "metodo_pago": "Efectivo", "descuento": "2.00", "total_venta": "38.00", "quiere_comprobante": false}}, {"model": "ventas.venta", "pk": 23, "fields": {"usuario_creacion": ["ale@gmail.com"], "usuario_modificacion": ["ale@gmail.com"], "fecha_creacion": "2025-08-29T18:43:14.639", "fecha_modificacion": null, "comentario_modificacion": "", "tienda": 1, "cliente": 1, "metodo_pago": "Efectivo", "descuento": "0.00", "total_venta": "40.00", "quiere_comprobante": true}}, {"model": "ventas.venta", "pk": 24, "fields": {"usuario_creacion": ["ale@gmail.com"], "usuario_modificacion": ["ale@gmail.com"], "fecha_creacion": "2025-08-29T18:44:27.944", "fecha_modificacion": null, "comentario_modificacion": "", "tienda": 1, "cliente": 1, "metodo_pago": "Efectivo", "descuento": "2.00", "total_venta": "38.00", "quiere_comprobante": true}}, {"model": "ventas.venta", "pk": 25, "fields": {"usuario_creacion": ["ale@gmail.com"], "usuario_modificacion": ["ale@gmail.com"], "fecha_creacion": "2025-08-29T18:46:00.111", "fecha_modificacion": null, "comentario_modificacion": "", "tienda": 1, "cliente": 1, "metodo_pago": "Efectivo", "descuento": "0.00", "total_venta": "40.00", "quiere_comprobante": true}}, {"model": "ventas.venta", "pk": 26, "fields": {"usuario_creacion": ["ale@gmail.com"], "usuario_modificacion": ["ale@gmail.com"], "fecha_creacion": "2025-08-29T18:50:52.610", "fecha_modificacion": null, "comentario_modificacion": "", "tienda": 1, "cliente": 1, "metodo_pago": "Efectivo", "descuento": "5.00", "total_venta": "185.00", "quiere_comprobante": true}}, {"model": "ventas.venta", "pk": 27, "fields": {"usuario_creacion": ["ale@gmail.com"], "usuario_modificacion": ["ale@gmail.com"], "fecha_creacion": "2025-08-29T18:57:29.736", "fecha_modificacion": null, "comentario_modificacion": "", "tienda": 1, "cliente": 1, "metodo_pago": "Efectivo", "descuento": "1.00", "total_venta": "19.00", "quiere_comprobante": true}}, {"model": "ventas.venta", "pk": 28, "fields": {"usuario_creacion": ["ale@gmail.com"], "usuario_modificacion": ["ale@gmail.com"], "fecha_creacion": "2025-08-29T18:59:15.366", "fecha_modificacion": null, "comentario_modificacion": "", "tienda": 1, "cliente": 1, "metodo_pago": "Efectivo", "descuento": "1.00", "total_venta": "107.00", "quiere_comprobante": true}}, {"model": "ventas.venta", "pk": 29, "fields": {"usuario_creacion": ["ale@gmail.com"], "usuario_modificacion": ["ale@gmail.com"], "fecha_creacion": "2025-08-29T19:00:39.381", "fecha_modificacion": null, "comentario_modificacion": "", "tienda": 1, "cliente": 1, "metodo_pago": "Efectivo", "descuento": "2.00", "total_venta": "214.00", "quiere_comprobante": true}}, {"model": "ventas.venta", "pk": 30, "fields": {"usuario_creacion": ["ale@gmail.com"], "usuario_modificacion": ["ale@gmail.com"], "fecha_creacion": "2025-08-29T19:10:35.664", "fecha_modificacion": null, "comentario_modificacion": "", "tienda": 1, "cliente": 1, "metodo_pago": "Efectivo", "descuento": "3.00", "total_venta": "321.00", "quiere_comprobante": true}}, {"model": "ventas.venta", "pk": 31, "fields": {"usuario_creacion": ["ale@gmail.com"], "usuario_modificacion": ["ale@gmail.com"], "fecha_creacion": "2025-08-29T19:14:29.043", "fecha_modificacion": null, "comentario_modificacion": "", "tienda": 1, "cliente": 1, "metodo_pago": "Efectivo", "descuento": "4.00", "total_venta": "428.00", "quiere_comprobante": true}}, {"model": "ventas.venta", "pk": 32, "fields": {"usuario_creacion": ["ale@gmail.com"], "usuario_modificacion": ["ale@gmail.com"], "fecha_creacion": "2025-08-29T19:16:52.523", "fecha_modificacion": null, "comentario_modificacion": "", "tienda": 1, "cliente": 1, "metodo_pago": "Efectivo", "descuento": "5.00", "total_venta": "535.00", "quiere_comprobante": true}}, {"model": "ventas.venta", "pk": 33, "fields": {"usuario_creacion": ["ale@gmail.com"], "usuario_modificacion": ["ale@gmail.com"], "fecha_creacion": "2025-08-29T19:21:44.486", "fecha_modificacion": null, "comentario_modificacion": "", "tienda": 1, "cliente": 1, "metodo_pago": "Efectivo", "descuento": "6.00", "total_venta": "534.00", "quiere_comprobante": true}}, {"model": "ventas.venta", "pk": 34, "fields": {"usuario_creacion": ["ale@gmail.com"], "usuario_modificacion": ["ale@gmail.com"], "fecha_creacion": "2025-08-29T19:45:51.772", "fecha_modificacion": null, "comentario_modificacion": "", "tienda": 1, "cliente": 1, "metodo_pago": "Efectivo", "descuento": "6.00", "total_venta": "642.00", "quiere_comprobante": true}}, {"model": "ventas.venta", "pk": 35, "fields": {"usuario_creacion": ["ale@gmail.com"], "usuario_modificacion": ["ale@gmail.com"], "fecha_creacion": "2025-08-29T19:59:04.017", "fecha_modificacion": null, "comentario_modificacion": "", "tienda": 1, "cliente": 1, "metodo_pago": "Efectivo", "descuento": "0.00", "total_venta": "108.00", "quiere_comprobante": true}}, {"model": "ventas.venta", "pk": 36, "fields": {"usuario_creacion": ["ale@gmail.com"], "usuario_modificacion": ["ale@gmail.com"], "fecha_creacion": "2025-08-29T20:11:38.315", "fecha_modificacion": null, "comentario_modificacion": "", "tienda": 1, "cliente": 1, "metodo_pago": "Efectivo", "descuento": "0.00", "total_venta": "20.00", "quiere_comprobante": true}}, {"model": "ventas.venta", "pk": 37, "fields": {"usuario_creacion": ["ale@gmail.com"], "usuario_modificacion": ["ale@gmail.com"], "fecha_creacion": "2025-08-29T20:20:01.828", "fecha_modificacion": null, "comentario_modificacion": "", "tienda": 1, "cliente": 1, "metodo_pago": "Efectivo", "descuento": "1.00", "total_venta": "329.00", "quiere_comprobante": true}}, {"model": "ventas.venta", "pk": 38, "fields": {"usuario_creacion": null, "usuario_modificacion": null, "fecha_creacion": "2025-08-30T19:59:15.921", "fecha_modificacion": null, "comentario_modificacion": null, "tienda": 1, "cliente": null, "metodo_pago": "Efectivo", "descuento": "0.00", "total_venta": "41.00", "quiere_comprobante": false}}, {"model": "ventas.venta", "pk": 39, "fields": {"usuario_creacion": ["ale@gmail.com"], "usuario_modificacion": null, "fecha_creacion": "2025-08-30T20:04:02.478", "fecha_modificacion": null, "comentario_modificacion": null, "tienda": 1, "cliente": 1, "metodo_pago": "Efectivo", "descuento": "1.00", "total_venta": "358.00", "quiere_comprobante": true}}, {"model": "ventas.venta", "pk": 40, "fields": {"usuario_creacion": ["ale@gmail.com"], "usuario_modificacion": null, "fecha_creacion": "2025-08-30T20:11:24.899", "fecha_modificacion": null, "comentario_modificacion": null, "tienda": 1, "cliente": null, "metodo_pago": "Efectivo", "descuento": "7.00", "total_venta": "440.70", "quiere_comprobante": false}}, {"model": "ventas.venta", "pk": 41, "fields": {"usuario_creacion": ["ale@gmail.com"], "usuario_modificacion": null, "fecha_creacion": "2025-08-30T20:17:00.436", "fecha_modificacion": null, "comentario_modificacion": null, "tienda": 1, "cliente": 2, "metodo_pago": "Efectivo", "descuento": "7.00", "total_venta": "529.90", "quiere_comprobante": true}}, {"model": "ventas.venta", "pk": 42, "fields": {"usuario_creacion": ["ale@gmail.com"], "usuario_modificacion": null, "fecha_creacion": "2025-08-30T20:19:57.620", "fecha_modificacion": null, "comentario_modificacion": null, "tienda": 1, "cliente": null, "metodo_pago": "Efectivo", "descuento": "10.00", "total_venta": "886.90", "quiere_comprobante": false}}, {"model": "ventas.venta", "pk": 43, "fields": {"usuario_creacion": ["ale@gmail.com"], "usuario_modificacion": null, "fecha_creacion": "2025-08-30T20:24:10.990", "fecha_modificacion": null, "comentario_modificacion": null, "tienda": 1, "cliente": null, "metodo_pago": "Efectivo", "descuento": "0.00", "total_venta": "0.00", "quiere_comprobante": false}}, {"model": "ventas.venta", "pk": 44, "fields": {"usuario_creacion": ["ale@gmail.com"], "usuario_modificacion": null, "fecha_creacion": "2025-08-30T20:24:11.008", "fecha_modificacion": null, "comentario_modificacion": null, "tienda": 1, "cliente": null, "metodo_pago": "Efectivo", "descuento": "0.00", "total_venta": "0.00", "quiere_comprobante": false}}, {"model": "ventas.venta", "pk": 45, "fields": {"usuario_creacion": ["ale@gmail.com"], "usuario_modificacion": null, "fecha_creacion": "2025-08-30T20:24:11.027", "fecha_modificacion": null, "comentario_modificacion": null, "tienda": 1, "cliente": null, "metodo_pago": "Efectivo", "descuento": "0.00", "total_venta": "0.00", "quiere_comprobante": false}}, {"model": "ventas.venta", "pk": 46, "fields": {"usuario_creacion": ["ale@gmail.com"], "usuario_modificacion": null, "fecha_creacion": "2025-08-30T20:24:11.041", "fecha_modificacion": null, "comentario_modificacion": null, "tienda": 1, "cliente": null, "metodo_pago": "Efectivo", "descuento": "0.00", "total_venta": "0.00", "quiere_comprobante": false}}, {"model": "ventas.venta", "pk": 47, "fields": {"usuario_creacion": ["ale@gmail.com"], "usuario_modificacion": null, "fecha_creacion": "2025-08-30T20:24:11.056", "fecha_modificacion": null, "comentario_modificacion": null, "tienda": 1, "cliente": null, "metodo_pago": "Efectivo", "descuento": "0.00", "total_venta": "0.00", "quiere_comprobante": false}}, {"model": "ventas.venta", "pk": 48, "fields": {"usuario_creacion": ["ale@gmail.com"], "usuario_modificacion": null, "fecha_creacion": "2025-08-30T20:24:11.092", "fecha_modificacion": null, "comentario_modificacion": null, "tienda": 1, "cliente": null, "metodo_pago": "Efectivo", "descuento": "0.00", "total_venta": "0.00", "quiere_comprobante": false}}, {"model": "ventas.venta", "pk": 49, "fields": {"usuario_creacion": ["ale@gmail.com"], "usuario_modificacion": null, "fecha_creacion": "2025-08-30T20:24:11.108", "fecha_modificacion": null, "comentario_modificacion": null, "tienda": 1, "cliente": null, "metodo_pago": "Efectivo", "descuento": "0.00", "total_venta": "0.00", "quiere_comprobante": false}}, {"model": "ventas.venta", "pk": 50, "fields": {"usuario_creacion": ["ale@gmail.com"], "usuario_modificacion": null, "fecha_creacion": "2025-08-30T20:24:11.169", "fecha_modificacion": null, "comentario_modificacion": null, "tienda": 1, "cliente": null, "metodo_pago": "Efectivo", "descuento": "0.00", "total_venta": "0.00", "quiere_comprobante": false}}, {"model": "ventas.venta", "pk": 51, "fields": {"usuario_creacion": ["ale@gmail.com"], "usuario_modificacion": null, "fecha_creacion": "2025-08-30T20:24:11.182", "fecha_modificacion": null, "comentario_modificacion": null, "tienda": 1, "cliente": null, "metodo_pago": "Efectivo", "descuento": "0.00", "total_venta": "0.00", "quiere_comprobante": false}}, {"model": "ventas.venta", "pk": 52, "fields": {"usuario_creacion": ["ale@gmail.com"], "usuario_modificacion": null, "fecha_creacion": "2025-08-30T20:24:11.211", "fecha_modificacion": null, "comentario_modificacion": null, "tienda": 1, "cliente": null, "metodo_pago": "Efectivo", "descuento": "0.00", "total_venta": "0.00", "quiere_comprobante": false}}, {"model": "ventas.venta", "pk": 53, "fields": {"usuario_creacion": ["ale@gmail.com"], "usuario_modificacion": null, "fecha_creacion": "2025-08-30T20:24:11.226", "fecha_modificacion": null, "comentario_modificacion": null, "tienda": 1, "cliente": null, "metodo_pago": "Efectivo", "descuento": "0.00", "total_venta": "0.00", "quiere_comprobante": false}}, {"model": "ventas.venta", "pk": 54, "fields": {"usuario_creacion": ["ale@gmail.com"], "usuario_modificacion": null, "fecha_creacion": "2025-08-30T20:24:11.240", "fecha_modificacion": null, "comentario_modificacion": null, "tienda": 1, "cliente": null, "metodo_pago": "Efectivo", "descuento": "0.00", "total_venta": "0.00", "quiere_comprobante": false}}, {"model": "ventas.venta", "pk": 55, "fields": {"usuario_creacion": ["ale@gmail.com"], "usuario_modificacion": null, "fecha_creacion": "2025-08-30T20:24:11.254", "fecha_modificacion": null, "comentario_modificacion": null, "tienda": 1, "cliente": null, "metodo_pago": "Efectivo", "descuento": "0.00", "total_venta": "0.00", "quiere_comprobante": false}}, {"model": "ventas.venta", "pk": 56, "fields": {"usuario_creacion": ["ale@gmail.com"], "usuario_modificacion": null, "fecha_creacion": "2025-08-30T20:24:11.267", "fecha_modificacion": null, "comentario_modificacion": null, "tienda": 1, "cliente": null, "metodo_pago": "Efectivo", "descuento": "0.00", "total_venta": "0.00", "quiere_comprobante": false}}, {"model": "ventas.venta", "pk": 57, "fields": {"usuario_creacion": ["ale@gmail.com"], "usuario_modificacion": null, "fecha_creacion": "2025-08-30T20:24:11.185", "fecha_modificacion": null, "comentario_modificacion": null, "tienda": 1, "cliente": null, "metodo_pago": "Efectivo", "descuento": "0.00", "total_venta": "0.00", "quiere_comprobante": false}}, {"model": "ventas.venta", "pk": 58, "fields": {"usuario_creacion": ["ale@gmail.com"], "usuario_modificacion": null, "fecha_creacion": "2025-08-30T20:24:11.288", "fecha_modificacion": null, "comentario_modificacion": null, "tienda": 1, "cliente": null, "metodo_pago": "Efectivo", "descuento": "0.00", "total_venta": "0.00", "quiere_comprobante": false}}, {"model": "ventas.venta", "pk": 59, "fields": {"usuario_creacion": ["ale@gmail.com"], "usuario_modificacion": null, "fecha_creacion": "2025-08-30T20:24:11.305", "fecha_modificacion": null, "comentario_modificacion": null, "tienda": 1, "cliente": null, "metodo_pago": "Efectivo", "descuento": "0.00", "total_venta": "0.00", "quiere_comprobante": false}}, {"model": "ventas.venta", "pk": 60, "fields": {"usuario_creacion": ["ale@gmail.com"], "usuario_modificacion": null, "fecha_creacion": "2025-08-30T20:24:11.307", "fecha_modificacion": null, "comentario_modificacion": null, "tienda": 1, "cliente": null, "metodo_pago": "Efectivo", "descuento": "0.00", "total_venta": "0.00", "quiere_comprobante": false}}, {"model": "ventas.venta", "pk": 61, "fields": {"usuario_creacion": ["ale@gmail.com"], "usuario_modificacion": null, "fecha_creacion": "2025-08-30T20:24:11.374", "fecha_modificacion": null, "comentario_modificacion": null, "tienda": 1, "cliente": null, "metodo_pago": "Efectivo", "descuento": "0.00", "total_venta": "0.00", "quiere_comprobante": false}}, {"model": "ventas.venta", "pk": 62, "fields": {"usuario_creacion": ["ale@gmail.com"], "usuario_modificacion": null, "fecha_creacion": "2025-08-30T20:24:11.334", "fecha_modificacion": null, "comentario_modificacion": null, "tienda": 1, "cliente": null, "metodo_pago": "Efectivo", "descuento": "0.00", "total_venta": "0.00", "quiere_comprobante": false}}, {"model": "ventas.venta", "pk": 63, "fields": {"usuario_creacion": ["ale@gmail.com"], "usuario_modificacion": null, "fecha_creacion": "2025-08-30T20:24:11.395", "fecha_modificacion": null, "comentario_modificacion": null, "tienda": 1, "cliente": null, "metodo_pago": "Efectivo", "descuento": "0.00", "total_venta": "0.00", "quiere_comprobante": false}}, {"model": "ventas.venta", "pk": 64, "fields": {"usuario_creacion": ["ale@gmail.com"], "usuario_modificacion": null, "fecha_creacion": "2025-08-30T20:24:11.422", "fecha_modificacion": null, "comentario_modificacion": null, "tienda": 1, "cliente": null, "metodo_pago": "Efectivo", "descuento": "0.00", "total_venta": "0.00", "quiere_comprobante": false}}, {"model": "ventas.venta", "pk": 65, "fields": {"usuario_creacion": ["ale@gmail.com"], "usuario_modificacion": null, "fecha_creacion": "2025-08-30T20:24:11.431", "fecha_modificacion": null, "comentario_modificacion": null, "tienda": 1, "cliente": null, "metodo_pago": "Efectivo", "descuento": "0.00", "total_venta": "0.00", "quiere_comprobante": false}}, {"model": "ventas.venta", "pk": 66, "fields": {"usuario_creacion": ["ale@gmail.com"], "usuario_modificacion": null, "fecha_creacion": "2025-08-30T20:24:11.454", "fecha_modificacion": null, "comentario_modificacion": null, "tienda": 1, "cliente": null, "metodo_pago": "Efectivo", "descuento": "0.00", "total_venta": "0.00", "quiere_comprobante": false}}, {"model": "ventas.venta", "pk": 67, "fields": {"usuario_creacion": ["ale@gmail.com"], "usuario_modificacion": null, "fecha_creacion": "2025-08-30T20:24:11.475", "fecha_modificacion": null, "comentario_modificacion": null, "tienda": 1, "cliente": null, "metodo_pago": "Efectivo", "descuento": "0.00", "total_venta": "0.00", "quiere_comprobante": false}}, {"model": "ventas.venta", "pk": 68, "fields": {"usuario_creacion": ["ale@gmail.com"], "usuario_modificacion": null, "fecha_creacion": "2025-08-30T20:24:11.505", "fecha_modificacion": null, "comentario_modificacion": null, "tienda": 1, "cliente": null, "metodo_pago": "Efectivo", "descuento": "0.00", "total_venta": "0.00", "quiere_comprobante": false}}, {"model": "ventas.venta", "pk": 69, "fields": {"usuario_creacion": ["ale@gmail.com"], "usuario_modificacion": null, "fecha_creacion": "2025-08-30T20:24:11.534", "fecha_modificacion": null, "comentario_modificacion": null, "tienda": 1, "cliente": null, "metodo_pago": "Efectivo", "descuento": "0.00", "total_venta": "0.00", "quiere_comprobante": false}}, {"model": "ventas.venta", "pk": 70, "fields": {"usuario_creacion": ["ale@gmail.com"], "usuario_modificacion": null, "fecha_creacion": "2025-08-30T20:24:11.547", "fecha_modificacion": null, "comentario_modificacion": null, "tienda": 1, "cliente": null, "metodo_pago": "Efectivo", "descuento": "0.00", "total_venta": "0.00", "quiere_comprobante": false}}, {"model": "ventas.venta", "pk": 71, "fields": {"usuario_creacion": ["ale@gmail.com"], "usuario_modificacion": null, "fecha_creacion": "2025-08-30T20:24:11.482", "fecha_modificacion": null, "comentario_modificacion": null, "tienda": 1, "cliente": null, "metodo_pago": "Efectivo", "descuento": "0.00", "total_venta": "0.00", "quiere_comprobante": false}}, {"model": "ventas.venta", "pk": 72, "fields": {"usuario_creacion": ["ale@gmail.com"], "usuario_modificacion": null, "fecha_creacion": "2025-08-30T20:24:11.583", "fecha_modificacion": null, "comentario_modificacion": null, "tienda": 1, "cliente": null, "metodo_pago": "Efectivo", "descuento": "0.00", "total_venta": "0.00", "quiere_comprobante": false}}, {"model": "ventas.venta", "pk": 73, "fields": {"usuario_creacion": ["ale@gmail.com"], "usuario_modificacion": null, "fecha_creacion": "2025-08-30T20:24:11.596", "fecha_modificacion": null, "comentario_modificacion": null, "tienda": 1, "cliente": null, "metodo_pago": "Efectivo", "descuento": "0.00", "total_venta": "0.00", "quiere_comprobante": false}}, {"model": "ventas.venta", "pk": 74, "fields": {"usuario_creacion": ["ale@gmail.com"], "usuario_modificacion": null, "fecha_creacion": "2025-08-30T20:24:11.609", "fecha_modificacion": null, "comentario_modificacion": null, "tienda": 1, "cliente": null, "metodo_pago": "Efectivo", "descuento": "0.00", "total_venta": "0.00", "quiere_comprobante": false}}, {"model": "ventas.venta", "pk": 75, "fields": {"usuario_creacion": ["ale@gmail.com"], "usuario_modificacion": null, "fecha_creacion": "2025-08-30T20:24:11.555", "fecha_modificacion": null, "comentario_modificacion": null, "tienda": 1, "cliente": null, "metodo_pago": "Efectivo", "descuento": "0.00", "total_venta": "0.00", "quiere_comprobante": false}}, {"model": "ventas.venta", "pk": 76, "fields": {"usuario_creacion": ["ale@gmail.com"], "usuario_modificacion": null, "fecha_creacion": "2025-08-30T20:24:11.506", "fecha_modificacion": null, "comentario_modificacion": null, "tienda": 1, "cliente": null, "metodo_pago": "Efectivo", "descuento": "0.00", "total_venta": "0.00", "quiere_comprobante": false}}, {"model": "ventas.venta", "pk": 77, "fields": {"usuario_creacion": ["ale@gmail.com"], "usuario_modificacion": null, "fecha_creacion": "2025-08-30T20:24:11.617", "fecha_modificacion": null, "comentario_modificacion": null, "tienda": 1, "cliente": null, "metodo_pago": "Efectivo", "descuento": "0.00", "total_venta": "0.00", "quiere_comprobante": false}}, {"model": "ventas.venta", "pk": 78, "fields": {"usuario_creacion": ["ale@gmail.com"], "usuario_modificacion": null, "fecha_creacion": "2025-08-30T20:24:11.616", "fecha_modificacion": null, "comentario_modificacion": null, "tienda": 1, "cliente": null, "metodo_pago": "Efectivo", "descuento": "0.00", "total_venta": "0.00", "quiere_comprobante": false}}, {"model": "ventas.venta", "pk": 79, "fields": {"usuario_creacion": ["ale@gmail.com"], "usuario_modificacion": null, "fecha_creacion": "2025-08-30T20:24:11.755", "fecha_modificacion": null, "comentario_modificacion": null, "tienda": 1, "cliente": null, "metodo_pago": "Efectivo", "descuento": "0.00", "total_venta": "0.00", "quiere_comprobante": false}}, {"model": "ventas.venta", "pk": 80, "fields": {"usuario_creacion": ["ale@gmail.com"], "usuario_modificacion": null, "fecha_creacion": "2025-08-30T20:24:11.833", "fecha_modificacion": null, "comentario_modificacion": null, "tienda": 1, "cliente": null, "metodo_pago": "Efectivo", "descuento": "0.00", "total_venta": "0.00", "quiere_comprobante": false}}, {"model": "ventas.venta", "pk": 81, "fields": {"usuario_creacion": ["ale@gmail.com"], "usuario_modificacion": null, "fecha_creacion": "2025-08-30T20:24:11.804", "fecha_modificacion": null, "comentario_modificacion": null, "tienda": 1, "cliente": null, "metodo_pago": "Efectivo", "descuento": "0.00", "total_venta": "0.00", "quiere_comprobante": false}}, {"model": "ventas.venta", "pk": 82, "fields": {"usuario_creacion": ["ale@gmail.com"], "usuario_modificacion": null, "fecha_creacion": "2025-08-30T20:24:11.863", "fecha_modificacion": null, "comentario_modificacion": null, "tienda": 1, "cliente": null, "metodo_pago": "Efectivo", "descuento": "0.00", "total_venta": "0.00", "quiere_comprobante": false}}, {"model": "ventas.venta", "pk": 83, "fields": {"usuario_creacion": ["ale@gmail.com"], "usuario_modificacion": null, "fecha_creacion": "2025-08-30T20:24:11.875", "fecha_modificacion": null, "comentario_modificacion": null, "tienda": 1, "cliente": null, "metodo_pago": "Efectivo", "descuento": "0.00", "total_venta": "0.00", "quiere_comprobante": false}}, {"model": "ventas.venta", "pk": 84, "fields": {"usuario_creacion": ["ale@gmail.com"], "usuario_modificacion": null, "fecha_creacion": "2025-08-30T20:24:11.834", "fecha_modificacion": null, "comentario_modificacion": null, "tienda": 1, "cliente": null, "metodo_pago": "Efectivo", "descuento": "0.00", "total_venta": "0.00", "quiere_comprobante": false}}, {"model": "ventas.venta", "pk": 85, "fields": {"usuario_creacion": ["ale@gmail.com"], "usuario_modificacion": null, "fecha_creacion": "2025-08-30T20:24:11.560", "fecha_modificacion": null, "comentario_modificacion": null, "tienda": 1, "cliente": null, "metodo_pago": "Efectivo", "descuento": "0.00", "total_venta": "0.00", "quiere_comprobante": false}}, {"model": "ventas.venta", "pk": 86, "fields": {"usuario_creacion": ["ale@gmail.com"], "usuario_modificacion": null, "fecha_creacion": "2025-08-30T20:24:11.915", "fecha_modificacion": null, "comentario_modificacion": null, "tienda": 1, "cliente": null, "metodo_pago": "Efectivo", "descuento": "0.00", "total_venta": "0.00", "quiere_comprobante": false}}, {"model": "ventas.venta", "pk": 87, "fields": {"usuario_creacion": ["ale@gmail.com"], "usuario_modificacion": null, "fecha_creacion": "2025-08-30T20:24:11.928", "fecha_modificacion": null, "comentario_modificacion": null, "tienda": 1, "cliente": null, "metodo_pago": "Efectivo", "descuento": "0.00", "total_venta": "0.00", "quiere_comprobante": false}}, {"model": "ventas.venta", "pk": 88, "fields": {"usuario_creacion": ["ale@gmail.com"], "usuario_modificacion": null, "fecha_creacion": "2025-08-30T20:24:11.938", "fecha_modificacion": null, "comentario_modificacion": null, "tienda": 1, "cliente": null, "metodo_pago": "Efectivo", "descuento": "0.00", "total_venta": "0.00", "quiere_comprobante": false}}, {"model": "ventas.venta", "pk": 89, "fields": {"usuario_creacion": ["ale@gmail.com"], "usuario_modificacion": null, "fecha_creacion": "2025-08-30T20:24:11.963", "fecha_modificacion": null, "comentario_modificacion": null, "tienda": 1, "cliente": null, "metodo_pago": "Efectivo", "descuento": "0.00", "total_venta": "0.00", "quiere_comprobante": false}}, {"model": "ventas.venta", "pk": 90, "fields": {"usuario_creacion": ["ale@gmail.com"], "usuario_modificacion": null, "fecha_creacion": "2025-08-30T20:24:11.975", "fecha_modificacion": null, "comentario_modificacion": null, "tienda": 1, "cliente": null, "metodo_pago": "Efectivo", "descuento": "0.00", "total_venta": "0.00", "quiere_comprobante": false}}, {"model": "ventas.venta", "pk": 91, "fields": {"usuario_creacion": ["ale@gmail.com"], "usuario_modificacion": null, "fecha_creacion": "2025-08-30T20:24:11.851", "fecha_modificacion": null, "comentario_modificacion": null, "tienda": 1, "cliente": null, "metodo_pago": "Efectivo", "descuento": "0.00", "total_venta": "0.00", "quiere_comprobante": false}}, {"model": "ventas.venta", "pk": 92, "fields": {"usuario_creacion": ["ale@gmail.com"], "usuario_modificacion": null, "fecha_creacion": "2025-08-30T20:24:11.998", "fecha_modificacion": null, "comentario_modificacion": null, "tienda": 1, "cliente": null, "metodo_pago": "Efectivo", "descuento": "0.00", "total_venta": "0.00", "quiere_comprobante": false}}, {"model": "ventas.venta", "pk": 93, "fields": {"usuario_creacion": ["ale@gmail.com"], "usuario_modificacion": null, "fecha_creacion": "2025-08-30T20:24:12.026", "fecha_modificacion": null, "comentario_modificacion": null, "tienda": 1, "cliente": null, "metodo_pago": "Efectivo", "descuento": "0.00", "total_venta": "0.00", "quiere_comprobante": false}}, {"model": "ventas.venta", "pk": 94, "fields": {"usuario_creacion": ["ale@gmail.com"], "usuario_modificacion": null, "fecha_creacion": "2025-08-30T20:24:11.938", "fecha_modificacion": null, "comentario_modificacion": null, "tienda": 1, "cliente": null, "metodo_pago": "Efectivo", "descuento": "0.00", "total_venta": "0.00", "quiere_comprobante": false}}, {"model": "ventas.venta", "pk": 95, "fields": {"usuario_creacion": ["ale@gmail.com"], "usuario_modificacion": null, "fecha_creacion": "2025-08-30T20:24:12.060", "fecha_modificacion": null, "comentario_modificacion": null, "tienda": 1, "cliente": null, "metodo_pago": "Efectivo", "descuento": "0.00", "total_venta": "0.00", "quiere_comprobante": false}}, {"model": "ventas.venta", "pk": 96, "fields": {"usuario_creacion": ["ale@gmail.com"], "usuario_modificacion": null, "fecha_creacion": "2025-08-30T20:24:12.071", "fecha_modificacion": null, "comentario_modificacion": null, "tienda": 1, "cliente": null, "metodo_pago": "Efectivo", "descuento": "0.00", "total_venta": "0.00", "quiere_comprobante": false}}, {"model": "ventas.venta", "pk": 97, "fields": {"usuario_creacion": ["ale@gmail.com"], "usuario_modificacion": null, "fecha_creacion": "2025-08-30T20:24:11.999", "fecha_modificacion": null, "comentario_modificacion": null, "tienda": 1, "cliente": null, "metodo_pago": "Efectivo", "descuento": "0.00", "total_venta": "0.00", "quiere_comprobante": false}}, {"model": "ventas.venta", "pk": 98, "fields": {"usuario_creacion": ["ale@gmail.com"], "usuario_modificacion": null, "fecha_creacion": "2025-08-30T20:24:11.851", "fecha_modificacion": null, "comentario_modificacion": null, "tienda": 1, "cliente": null, "metodo_pago": "Efectivo", "descuento": "0.00", "total_venta": "0.00", "quiere_comprobante": false}}, {"model": "ventas.venta", "pk": 99, "fields": {"usuario_creacion": ["ale@gmail.com"], "usuario_modificacion": null, "fecha_creacion": "2025-08-30T20:24:12.112", "fecha_modificacion": null, "comentario_modificacion": null, "tienda": 1, "cliente": null, "metodo_pago": "Efectivo", "descuento": "0.00", "total_venta": "0.00", "quiere_comprobante": false}}, {"model": "ventas.venta", "pk": 100, "fields": {"usuario_creacion": ["ale@gmail.com"], "usuario_modificacion": null, "fecha_creacion": "2025-08-30T20:24:12.155", "fecha_modificacion": null, "comentario_modificacion": null, "tienda": 1, "cliente": null, "metodo_pago": "Efectivo", "descuento": "0.00", "total_venta": "0.00", "quiere_comprobante": false}}, {"model": "ventas.venta", "pk": 101, "fields": {"usuario_creacion": ["ale@gmail.com"], "usuario_modificacion": null, "fecha_creacion": "2025-08-30T20:24:12.171", "fecha_modificacion": null, "comentario_modificacion": null, "tienda": 1, "cliente": null, "metodo_pago": "Efectivo", "descuento": "0.00", "total_venta": "0.00", "quiere_comprobante": false}}, {"model": "ventas.venta", "pk": 102, "fields": {"usuario_creacion": ["ale@gmail.com"], "usuario_modificacion": null, "fecha_creacion": "2025-08-30T20:24:12.993", "fecha_modificacion": null, "comentario_modificacion": null, "tienda": 1, "cliente": null, "metodo_pago": "Efectivo", "descuento": "0.00", "total_venta": "0.00", "quiere_comprobante": false}}, {"model": "ventas.venta", "pk": 103, "fields": {"usuario_creacion": ["ale@gmail.com"], "usuario_modificacion": null, "fecha_creacion": "2025-08-30T20:24:13.015", "fecha_modificacion": null, "comentario_modificacion": null, "tienda": 1, "cliente": null, "metodo_pago": "Efectivo", "descuento": "0.00", "total_venta": "0.00", "quiere_comprobante": false}}, {"model": "ventas.venta", "pk": 104, "fields": {"usuario_creacion": ["ale@gmail.com"], "usuario_modificacion": null, "fecha_creacion": "2025-08-30T20:24:13.045", "fecha_modificacion": null, "comentario_modificacion": null, "tienda": 1, "cliente": null, "metodo_pago": "Efectivo", "descuento": "0.00", "total_venta": "0.00", "quiere_comprobante": false}}, {"model": "ventas.venta", "pk": 105, "fields": {"usuario_creacion": ["ale@gmail.com"], "usuario_modificacion": null, "fecha_creacion": "2025-08-30T20:24:13.065", "fecha_modificacion": null, "comentario_modificacion": null, "tienda": 1, "cliente": null, "metodo_pago": "Efectivo", "descuento": "0.00", "total_venta": "0.00", "quiere_comprobante": false}}, {"model": "ventas.venta", "pk": 106, "fields": {"usuario_creacion": ["ale@gmail.com"], "usuario_modificacion": null, "fecha_creacion": "2025-08-30T20:24:13.143", "fecha_modificacion": null, "comentario_modificacion": null, "tienda": 1, "cliente": null, "metodo_pago": "Efectivo", "descuento": "0.00", "total_venta": "0.00", "quiere_comprobante": false}}, {"model": "ventas.venta", "pk": 107, "fields": {"usuario_creacion": ["ale@gmail.com"], "usuario_modificacion": null, "fecha_creacion": "2025-08-30T20:24:13.169", "fecha_modificacion": null, "comentario_modificacion": null, "tienda": 1, "cliente": null, "metodo_pago": "Efectivo", "descuento": "0.00", "total_venta": "0.00", "quiere_comprobante": false}}, {"model": "ventas.venta", "pk": 108, "fields": {"usuario_creacion": ["ale@gmail.com"], "usuario_modificacion": null, "fecha_creacion": "2025-08-30T20:24:13.146", "fecha_modificacion": null, "comentario_modificacion": null, "tienda": 1, "cliente": null, "metodo_pago": "Efectivo", "descuento": "0.00", "total_venta": "0.00", "quiere_comprobante": false}}, {"model": "ventas.venta", "pk": 109, "fields": {"usuario_creacion": ["ale@gmail.com"], "usuario_modificacion": null, "fecha_creacion": "2025-08-30T20:24:13.199", "fecha_modificacion": null, "comentario_modificacion": null, "tienda": 1, "cliente": null, "metodo_pago": "Efectivo", "descuento": "0.00", "total_venta": "0.00", "quiere_comprobante": false}}, {"model": "ventas.venta", "pk": 110, "fields": {"usuario_creacion": ["ale@gmail.com"], "usuario_modificacion": null, "fecha_creacion": "2025-08-30T20:24:13.214", "fecha_modificacion": null, "comentario_modificacion": null, "tienda": 1, "cliente": null, "metodo_pago": "Efectivo", "descuento": "0.00", "total_venta": "0.00", "quiere_comprobante": false}}, {"model": "ventas.venta", "pk": 111, "fields": {"usuario_creacion": ["ale@gmail.com"], "usuario_modificacion": null, "fecha_creacion": "2025-08-30T20:24:13.230", "fecha_modificacion": null, "comentario_modificacion": null, "tienda": 1, "cliente": null, "metodo_pago": "Efectivo", "descuento": "0.00", "total_venta": "0.00", "quiere_comprobante": false}}, {"model": "ventas.venta", "pk": 112, "fields": {"usuario_creacion": ["ale@gmail.com"], "usuario_modificacion": null, "fecha_creacion": "2025-08-30T20:24:13.242", "fecha_modificacion": null, "comentario_modificacion": null, "tienda": 1, "cliente": null, "metodo_pago": "Efectivo", "descuento": "0.00", "total_venta": "0.00", "quiere_comprobante": false}}, {"model": "ventas.venta", "pk": 113, "fields": {"usuario_creacion": ["ale@gmail.com"], "usuario_modificacion": null, "fecha_creacion": "2025-08-30T20:24:13.146", "fecha_modificacion": null, "comentario_modificacion": null, "tienda": 1, "cliente": null, "metodo_pago": "Efectivo", "descuento": "0.00", "total_venta": "0.00", "quiere_comprobante": false}}, {"model": "ventas.venta", "pk": 114, "fields": {"usuario_creacion": ["ale@gmail.com"], "usuario_modificacion": null, "fecha_creacion": "2025-08-30T20:24:13.264", "fecha_modificacion": null, "comentario_modificacion": null, "tienda": 1, "cliente": null, "metodo_pago": "Efectivo", "descuento": "0.00", "total_venta": "0.00", "quiere_comprobante": false}}, {"model": "ventas.venta", "pk": 115, "fields": {"usuario_creacion": ["ale@gmail.com"], "usuario_modificacion": null, "fecha_creacion": "2025-08-30T20:24:13.293", "fecha_modificacion": null, "comentario_modificacion": null, "tienda": 1, "cliente": null, "metodo_pago": "Efectivo", "descuento": "0.00", "total_venta": "0.00", "quiere_comprobante": false}}, {"model": "ventas.venta", "pk": 116, "fields": {"usuario_creacion": ["ale@gmail.com"], "usuario_modificacion": null, "fecha_creacion": "2025-08-30T20:24:13.269", "fecha_modificacion": null, "comentario_modificacion": null, "tienda": 1, "cliente": null, "metodo_pago": "Efectivo", "descuento": "0.00", "total_venta": "0.00", "quiere_comprobante": false}}, {"model": "ventas.venta", "pk": 117, "fields": {"usuario_creacion": ["ale@gmail.com"], "usuario_modificacion": null, "fecha_creacion": "2025-08-30T20:24:13.269", "fecha_modificacion": null, "comentario_modificacion": null, "tienda": 1, "cliente": null, "metodo_pago": "Efectivo", "descuento": "0.00", "total_venta": "0.00", "quiere_comprobante": false}}, {"model": "ventas.venta", "pk": 118, "fields": {"usuario_creacion": ["ale@gmail.com"], "usuario_modificacion": null, "fecha_creacion": "2025-08-30T20:24:13.373", "fecha_modificacion": null, "comentario_modificacion": null, "tienda": 1, "cliente": null, "metodo_pago": "Efectivo", "descuento": "0.00", "total_venta": "0.00", "quiere_comprobante": false}}, {"model": "ventas.venta", "pk": 119, "fields": {"usuario_creacion": ["ale@gmail.com"], "usuario_modificacion": null, "fecha_creacion": "2025-08-30T20:24:13.387", "fecha_modificacion": null, "comentario_modificacion": null, "tienda": 1, "cliente": null, "metodo_pago": "Efectivo", "descuento": "0.00", "total_venta": "0.00", "quiere_comprobante": false}}, {"model": "ventas.venta", "pk": 120, "fields": {"usuario_creacion": ["ale@gmail.com"], "usuario_modificacion": null, "fecha_creacion": "2025-08-30T20:24:13.400", "fecha_modificacion": null, "comentario_modificacion": null, "tienda": 1, "cliente": null, "metodo_pago": "Efectivo", "descuento": "0.00", "total_venta": "0.00", "quiere_comprobante": false}}, {"model": "ventas.venta", "pk": 121, "fields": {"usuario_creacion": ["ale@gmail.com"], "usuario_modificacion": null, "fecha_creacion": "2025-08-30T20:24:13.340", "fecha_modificacion": null, "comentario_modificacion": null, "tienda": 1, "cliente": null, "metodo_pago": "Efectivo", "descuento": "0.00", "total_venta": "0.00", "quiere_comprobante": false}}, {"model": "ventas.venta", "pk": 122, "fields": {"usuario_creacion": ["ale@gmail.com"], "usuario_modificacion": null, "fecha_creacion": "2025-08-30T20:24:13.435", "fecha_modificacion": null, "comentario_modificacion": null, "tienda": 1, "cliente": null, "metodo_pago": "Efectivo", "descuento": "0.00", "total_venta": "0.00", "quiere_comprobante": false}}, {"model": "ventas.venta", "pk": 123, "fields": {"usuario_creacion": ["ale@gmail.com"], "usuario_modificacion": null, "fecha_creacion": "2025-08-30T20:24:13.464", "fecha_modificacion": null, "comentario_modificacion": null, "tienda": 1, "cliente": null, "metodo_pago": "Efectivo", "descuento": "0.00", "total_venta": "0.00", "quiere_comprobante": false}}, {"model": "ventas.venta", "pk": 124, "fields": {"usuario_creacion": ["ale@gmail.com"], "usuario_modificacion": null, "fecha_creacion": "2025-08-30T20:24:13.475", "fecha_modificacion": null, "comentario_modificacion": null, "tienda": 1, "cliente": null, "metodo_pago": "Efectivo", "descuento": "0.00", "total_venta": "0.00", "quiere_comprobante": false}}, {"model": "ventas.venta", "pk": 125, "fields": {"usuario_creacion": ["ale@gmail.com"], "usuario_modificacion": null, "fecha_creacion": "2025-08-30T20:24:13.188", "fecha_modificacion": null, "comentario_modificacion": null, "tienda": 1, "cliente": null, "metodo_pago": "Efectivo", "descuento": "0.00", "total_venta": "0.00", "quiere_comprobante": false}}, {"model": "ventas.venta", "pk": 126, "fields": {"usuario_creacion": ["ale@gmail.com"], "usuario_modificacion": null, "fecha_creacion": "2025-08-30T20:24:13.512", "fecha_modificacion": null, "comentario_modificacion": null, "tienda": 1, "cliente": null, "metodo_pago": "Efectivo", "descuento": "0.00", "total_venta": "0.00", "quiere_comprobante": false}}, {"model": "ventas.venta", "pk": 127, "fields": {"usuario_creacion": ["ale@gmail.com"], "usuario_modificacion": null, "fecha_creacion": "2025-08-30T20:24:13.522", "fecha_modificacion": null, "comentario_modificacion": null, "tienda": 1, "cliente": null, "metodo_pago": "Efectivo", "descuento": "0.00", "total_venta": "0.00", "quiere_comprobante": false}}, {"model": "ventas.venta", "pk": 128, "fields": {"usuario_creacion": ["ale@gmail.com"], "usuario_modificacion": null, "fecha_creacion": "2025-08-30T20:24:13.310", "fecha_modificacion": null, "comentario_modificacion": null, "tienda": 1, "cliente": null, "metodo_pago": "Efectivo", "descuento": "0.00", "total_venta": "0.00", "quiere_comprobante": false}}, {"model": "ventas.venta", "pk": 129, "fields": {"usuario_creacion": ["ale@gmail.com"], "usuario_modificacion": null, "fecha_creacion": "2025-08-30T20:24:13.556", "fecha_modificacion": null, "comentario_modificacion": null, "tienda": 1, "cliente": null, "metodo_pago": "Efectivo", "descuento": "0.00", "total_venta": "0.00", "quiere_comprobante": false}}, {"model": "ventas.venta", "pk": 130, "fields": {"usuario_creacion": ["ale@gmail.com"], "usuario_modificacion": null, "fecha_creacion": "2025-08-30T20:24:13.343", "fecha_modificacion": null, "comentario_modificacion": null, "tienda": 1, "cliente": null, "metodo_pago": "Efectivo", "descuento": "0.00", "total_venta": "0.00", "quiere_comprobante": false}}, {"model": "ventas.venta", "pk": 131, "fields": {"usuario_creacion": ["ale@gmail.com"], "usuario_modificacion": null, "fecha_creacion": "2025-08-30T20:24:13.588", "fecha_modificacion": null, "comentario_modificacion": null, "tienda": 1, "cliente": null, "metodo_pago": "Efectivo", "descuento": "0.00", "total_venta": "0.00", "quiere_comprobante": false}}, {"model": "ventas.venta", "pk": 132, "fields": {"usuario_creacion": ["ale@gmail.com"], "usuario_modificacion": null, "fecha_creacion": "2025-08-30T20:24:13.607", "fecha_modificacion": null, "comentario_modificacion": null, "tienda": 1, "cliente": null, "metodo_pago": "Efectivo", "descuento": "0.00", "total_venta": "0.00", "quiere_comprobante": false}}, {"model": "ventas.venta", "pk": 133, "fields": {"usuario_creacion": ["ale@gmail.com"], "usuario_modificacion": null, "fecha_creacion": "2025-08-30T20:24:13.635", "fecha_modificacion": null, "comentario_modificacion": null, "tienda": 1, "cliente": null, "metodo_pago": "Efectivo", "descuento": "0.00", "total_venta": "0.00", "quiere_comprobante": false}}, {"model": "ventas.venta", "pk": 134, "fields": {"usuario_creacion": ["ale@gmail.com"], "usuario_modificacion": null, "fecha_creacion": "2025-08-30T20:24:13.648", "fecha_modificacion": null, "comentario_modificacion": null, "tienda": 1, "cliente": null, "metodo_pago": "Efectivo", "descuento": "0.00", "total_venta": "0.00", "quiere_comprobante": false}}, {"model": "ventas.venta", "pk": 135, "fields": {"usuario_creacion": ["ale@gmail.com"], "usuario_modificacion": null, "fecha_creacion": "2025-08-30T20:24:13.659", "fecha_modificacion": null, "comentario_modificacion": null, "tienda": 1, "cliente": null, "metodo_pago": "Efectivo", "descuento": "0.00", "total_venta": "0.00", "quiere_comprobante": false}}, {"model": "ventas.venta", "pk": 136, "fields": {"usuario_creacion": ["ale@gmail.com"], "usuario_modificacion": null, "fecha_creacion": "2025-08-30T20:24:13.609", "fecha_modificacion": null, "comentario_modificacion": null, "tienda": 1, "cliente": null, "metodo_pago": "Efectivo", "descuento": "0.00", "total_venta": "0.00", "quiere_comprobante": false}}, {"model": "ventas.venta", "pk": 137, "fields": {"usuario_creacion": ["ale@gmail.com"], "usuario_modificacion": null, "fecha_creacion": "2025-08-30T20:24:13.682", "fecha_modificacion": null, "comentario_modificacion": null, "tienda": 1, "cliente": null, "metodo_pago": "Efectivo", "descuento": "0.00", "total_venta": "0.00", "quiere_comprobante": false}}, {"model": "ventas.venta", "pk": 138, "fields": {"usuario_creacion": ["ale@gmail.com"], "usuario_modificacion": null, "fecha_creacion": "2025-08-30T20:24:13.694", "fecha_modificacion": null, "comentario_modificacion": null, "tienda": 1, "cliente": null, "metodo_pago": "Efectivo", "descuento": "0.00", "total_venta": "0.00", "quiere_comprobante": false}}, {"model": "ventas.venta", "pk": 139, "fields": {"usuario_creacion": ["ale@gmail.com"], "usuario_modificacion": null, "fecha_creacion": "2025-08-30T20:24:13.671", "fecha_modificacion": null, "comentario_modificacion": null, "tienda": 1, "cliente": null, "metodo_pago": "Efectivo", "descuento": "0.00", "total_venta": "0.00", "quiere_comprobante": false}}, {"model": "ventas.venta", "pk": 140, "fields": {"usuario_creacion": ["ale@gmail.com"], "usuario_modificacion": null, "fecha_creacion": "2025-08-30T20:24:13.730", "fecha_modificacion": null, "comentario_modificacion": null, "tienda": 1, "cliente": null, "metodo_pago": "Efectivo", "descuento": "0.00", "total_venta": "0.00", "quiere_comprobante": false}}, {"model": "ventas.venta", "pk": 141, "fields": {"usuario_creacion": ["ale@gmail.com"], "usuario_modificacion": null, "fecha_creacion": "2025-08-30T20:24:13.741", "fecha_modificacion": null, "comentario_modificacion": null, "tienda": 1, "cliente": null, "metodo_pago": "Efectivo", "descuento": "0.00", "total_venta": "0.00", "quiere_comprobante": false}}, {"model": "ventas.venta", "pk": 142, "fields": {"usuario_creacion": ["ale@gmail.com"], "usuario_modificacion": null, "fecha_creacion": "2025-08-30T20:24:13.754", "fecha_modificacion": null, "comentario_modificacion": null, "tienda": 1, "cliente": null, "metodo_pago": "Efectivo", "descuento": "0.00", "total_venta": "0.00", "quiere_comprobante": false}}, {"model": "ventas.venta", "pk": 143, "fields": {"usuario_creacion": ["ale@gmail.com"], "usuario_modificacion": null, "fecha_creacion": "2025-08-30T20:24:13.407", "fecha_modificacion": null, "comentario_modificacion": null, "tienda": 1, "cliente": null, "metodo_pago": "Efectivo", "descuento": "0.00", "total_venta": "0.00", "quiere_comprobante": false}}, {"model": "ventas.venta", "pk": 144, "fields": {"usuario_creacion": ["ale@gmail.com"], "usuario_modificacion": null, "fecha_creacion": "2025-08-30T20:24:13.787", "fecha_modificacion": null, "comentario_modificacion": null, "tienda": 1, "cliente": null, "metodo_pago": "Efectivo", "descuento": "0.00", "total_venta": "0.00", "quiere_comprobante": false}}, {"model": "ventas.venta", "pk": 145, "fields": {"usuario_creacion": ["ale@gmail.com"], "usuario_modificacion": null, "fecha_creacion": "2025-08-30T20:24:13.799", "fecha_modificacion": null, "comentario_modificacion": null, "tienda": 1, "cliente": null, "metodo_pago": "Efectivo", "descuento": "0.00", "total_venta": "0.00", "quiere_comprobante": false}}, {"model": "ventas.venta", "pk": 146, "fields": {"usuario_creacion": ["ale@gmail.com"], "usuario_modificacion": null, "fecha_creacion": "2025-08-30T20:24:13.767", "fecha_modificacion": null, "comentario_modificacion": null, "tienda": 1, "cliente": null, "metodo_pago": "Efectivo", "descuento": "0.00", "total_venta": "0.00", "quiere_comprobante": false}}, {"model": "ventas.venta", "pk": 147, "fields": {"usuario_creacion": ["ale@gmail.com"], "usuario_modificacion": null, "fecha_creacion": "2025-08-30T20:24:13.818", "fecha_modificacion": null, "comentario_modificacion": null, "tienda": 1, "cliente": null, "metodo_pago": "Efectivo", "descuento": "0.00", "total_venta": "0.00", "quiere_comprobante": false}}, {"model": "ventas.venta", "pk": 148, "fields": {"usuario_creacion": ["ale@gmail.com"], "usuario_modificacion": null, "fecha_creacion": "2025-08-30T20:24:13.826", "fecha_modificacion": null, "comentario_modificacion": null, "tienda": 1, "cliente": null, "metodo_pago": "Efectivo", "descuento": "0.00", "total_venta": "0.00", "quiere_comprobante": false}}, {"model": "ventas.venta", "pk": 149, "fields": {"usuario_creacion": ["ale@gmail.com"], "usuario_modificacion": null, "fecha_creacion": "2025-08-30T20:24:13.876", "fecha_modificacion": null, "comentario_modificacion": null, "tienda": 1, "cliente": null, "metodo_pago": "Efectivo", "descuento": "0.00", "total_venta": "0.00", "quiere_comprobante": false}}, {"model": "ventas.venta", "pk": 150, "fields": {"usuario_creacion": ["ale@gmail.com"], "usuario_modificacion": null, "fecha_creacion": "2025-08-30T20:24:13.886", "fecha_modificacion": null, "comentario_modificacion": null, "tienda": 1, "cliente": null, "metodo_pago": "Efectivo", "descuento": "0.00", "total_venta": "0.00", "quiere_comprobante": false}}, {"model": "ventas.venta", "pk": 151, "fields": {"usuario_creacion": ["ale@gmail.com"], "usuario_modificacion": null, "fecha_creacion": "2025-08-30T20:24:13.909", "fecha_modificacion": null, "comentario_modificacion": null, "tienda": 1, "cliente": null, "metodo_pago": "Efectivo", "descuento": "0.00", "total_venta": "0.00", "quiere_comprobante": false}}, {"model": "ventas.venta", "pk": 152, "fields": {"usuario_creacion": ["ale@gmail.com"], "usuario_modificacion": null, "fecha_creacion": "2025-08-30T20:24:13.532", "fecha_modificacion": null, "comentario_modificacion": null, "tienda": 1, "cliente": null, "metodo_pago": "Efectivo", "descuento": "0.00", "total_venta": "0.00", "quiere_comprobante": false}}, {"model": "ventas.venta", "pk": 153, "fields": {"usuario_creacion": ["ale@gmail.com"], "usuario_modificacion": null, "fecha_creacion": "2025-08-30T20:24:13.931", "fecha_modificacion": null, "comentario_modificacion": null, "tienda": 1, "cliente": null, "metodo_pago": "Efectivo", "descuento": "0.00", "total_venta": "0.00", "quiere_comprobante": false}}, {"model": "ventas.venta", "pk": 154, "fields": {"usuario_creacion": ["ale@gmail.com"], "usuario_modificacion": null, "fecha_creacion": "2025-08-30T20:24:13.750", "fecha_modificacion": null, "comentario_modificacion": null, "tienda": 1, "cliente": null, "metodo_pago": "Efectivo", "descuento": "0.00", "total_venta": "0.00", "quiere_comprobante": false}}, {"model": "ventas.venta", "pk": 155, "fields": {"usuario_creacion": ["ale@gmail.com"], "usuario_modificacion": null, "fecha_creacion": "2025-08-30T20:24:13.919", "fecha_modificacion": null, "comentario_modificacion": null, "tienda": 1, "cliente": null, "metodo_pago": "Efectivo", "descuento": "0.00", "total_venta": "0.00", "quiere_comprobante": false}}, {"model": "ventas.venta", "pk": 156, "fields": {"usuario_creacion": ["ale@gmail.com"], "usuario_modificacion": null, "fecha_creacion": "2025-08-30T20:24:13.993", "fecha_modificacion": null, "comentario_modificacion": null, "tienda": 1, "cliente": null, "metodo_pago": "Efectivo", "descuento": "0.00", "total_venta": "0.00", "quiere_comprobante": false}}, {"model": "ventas.venta", "pk": 157, "fields": {"usuario_creacion": ["ale@gmail.com"], "usuario_modificacion": null, "fecha_creacion": "2025-08-30T20:24:13.977", "fecha_modificacion": null, "comentario_modificacion": null, "tienda": 1, "cliente": null, "metodo_pago": "Efectivo", "descuento": "0.00", "total_venta": "0.00", "quiere_comprobante": false}}, {"model": "ventas.venta", "pk": 158, "fields": {"usuario_creacion": ["ale@gmail.com"], "usuario_modificacion": null, "fecha_creacion": "2025-08-30T20:26:13.791", "fecha_modificacion": null, "comentario_modificacion": null, "tienda": 1, "cliente": null, "metodo_pago": "Efectivo", "descuento": "0.00", "total_venta": "0.00", "quiere_comprobante": false}}, {"model": "ventas.venta", "pk": 159, "fields": {"usuario_creacion": ["ale@gmail.com"], "usuario_modificacion": null, "fecha_creacion": "2025-08-30T20:26:13.814", "fecha_modificacion": null, "comentario_modificacion": null, "tienda": 1, "cliente": null, "metodo_pago": "Efectivo", "descuento": "0.00", "total_venta": "0.00", "quiere_comprobante": false}}, {"model": "ventas.venta", "pk": 160, "fields": {"usuario_creacion": ["ale@gmail.com"], "usuario_modificacion": null, "fecha_creacion": "2025-08-30T20:26:13.827", "fecha_modificacion": null, "comentario_modificacion": null, "tienda": 1, "cliente": null, "metodo_pago": "Efectivo", "descuento": "0.00", "total_venta": "0.00", "quiere_comprobante": false}}, {"model": "ventas.venta", "pk": 161, "fields": {"usuario_creacion": ["ale@gmail.com"], "usuario_modificacion": null, "fecha_creacion": "2025-08-30T20:26:13.854", "fecha_modificacion": null, "comentario_modificacion": null, "tienda": 1, "cliente": null, "metodo_pago": "Efectivo", "descuento": "0.00", "total_venta": "0.00", "quiere_comprobante": false}}, {"model": "ventas.venta", "pk": 162, "fields": {"usuario_creacion": ["ale@gmail.com"], "usuario_modificacion": null, "fecha_creacion": "2025-08-30T20:26:13.876", "fecha_modificacion": null, "comentario_modificacion": null, "tienda": 1, "cliente": null, "metodo_pago": "Efectivo", "descuento": "0.00", "total_venta": "0.00", "quiere_comprobante": false}}, {"model": "ventas.venta", "pk": 163, "fields": {"usuario_creacion": ["ale@gmail.com"], "usuario_modificacion": null, "fecha_creacion": "2025-08-30T20:26:13.888", "fecha_modificacion": null, "comentario_modificacion": null, "tienda": 1, "cliente": null, "metodo_pago": "Efectivo", "descuento": "0.00", "total_venta": "0.00", "quiere_comprobante": false}}, {"model": "ventas.venta", "pk": 164, "fields": {"usuario_creacion": ["ale@gmail.com"], "usuario_modificacion": null, "fecha_creacion": "2025-08-30T20:26:13.857", "fecha_modificacion": null, "comentario_modificacion": null, "tienda": 1, "cliente": null, "metodo_pago": "Efectivo", "descuento": "0.00", "total_venta": "0.00", "quiere_comprobante": false}}, {"model": "ventas.venta", "pk": 165, "fields": {"usuario_creacion": ["ale@gmail.com"], "usuario_modificacion": null, "fecha_creacion": "2025-08-30T20:26:13.921", "fecha_modificacion": null, "comentario_modificacion": null, "tienda": 1, "cliente": null, "metodo_pago": "Efectivo", "descuento": "0.00", "total_venta": "0.00", "quiere_comprobante": false}}, {"model": "ventas.venta", "pk": 166, "fields": {"usuario_creacion": ["ale@gmail.com"], "usuario_modificacion": null, "fecha_creacion": "2025-08-30T20:26:13.897", "fecha_modificacion": null, "comentario_modificacion": null, "tienda": 1, "cliente": null, "metodo_pago": "Efectivo", "descuento": "0.00", "total_venta": "0.00", "quiere_comprobante": false}}, {"model": "ventas.venta", "pk": 167, "fields": {"usuario_creacion": ["ale@gmail.com"], "usuario_modificacion": null, "fecha_creacion": "2025-08-30T20:26:13.937", "fecha_modificacion": null, "comentario_modificacion": null, "tienda": 1, "cliente": null, "metodo_pago": "Efectivo", "descuento": "0.00", "total_venta": "0.00", "quiere_comprobante": false}}, {"model": "ventas.venta", "pk": 168, "fields": {"usuario_creacion": ["ale@gmail.com"], "usuario_modificacion": null, "fecha_creacion": "2025-08-30T20:26:13.953", "fecha_modificacion": null, "comentario_modificacion": null, "tienda": 1, "cliente": null, "metodo_pago": "Efectivo", "descuento": "0.00", "total_venta": "0.00", "quiere_comprobante": false}}, {"model": "ventas.venta", "pk": 169, "fields": {"usuario_creacion": ["ale@gmail.com"], "usuario_modificacion": null, "fecha_creacion": "2025-08-30T20:26:13.856", "fecha_modificacion": null, "comentario_modificacion": null, "tienda": 1, "cliente": null, "metodo_pago": "Efectivo", "descuento": "0.00", "total_venta": "0.00", "quiere_comprobante": false}}, {"model": "ventas.venta", "pk": 170, "fields": {"usuario_creacion": ["ale@gmail.com"], "usuario_modificacion": null, "fecha_creacion": "2025-08-30T20:26:13.971", "fecha_modificacion": null, "comentario_modificacion": null, "tienda": 1, "cliente": null, "metodo_pago": "Efectivo", "descuento": "0.00", "total_venta": "0.00", "quiere_comprobante": false}}, {"model": "ventas.venta", "pk": 171, "fields": {"usuario_creacion": ["ale@gmail.com"], "usuario_modificacion": null, "fecha_creacion": "2025-08-30T20:26:13.984", "fecha_modificacion": null, "comentario_modificacion": null, "tienda": 1, "cliente": null, "metodo_pago": "Efectivo", "descuento": "0.00", "total_venta": "0.00", "quiere_comprobante": false}}, {"model": "ventas.venta", "pk": 172, "fields": {"usuario_creacion": ["ale@gmail.com"], "usuario_modificacion": null, "fecha_creacion": "2025-08-30T20:26:13.858", "fecha_modificacion": null, "comentario_modificacion": null, "tienda": 1, "cliente": null, "metodo_pago": "Efectivo", "descuento": "0.00", "total_venta": "0.00", "quiere_comprobante": false}}, {"model": "ventas.venta", "pk": 173, "fields": {"usuario_creacion": ["ale@gmail.com"], "usuario_modificacion": null, "fecha_creacion": "2025-08-30T20:26:14.003", "fecha_modificacion": null, "comentario_modificacion": null, "tienda": 1, "cliente": null, "metodo_pago": "Efectivo", "descuento": "0.00", "total_venta": "0.00", "quiere_comprobante": false}}, {"model": "ventas.venta", "pk": 174, "fields": {"usuario_creacion": ["ale@gmail.com"], "usuario_modificacion": null, "fecha_creacion": "2025-08-30T20:26:14.015", "fecha_modificacion": null, "comentario_modificacion": null, "tienda": 1, "cliente": null, "metodo_pago": "Efectivo", "descuento": "0.00", "total_venta": "0.00", "quiere_comprobante": false}}, {"model": "ventas.venta", "pk": 175, "fields": {"usuario_creacion": ["ale@gmail.com"], "usuario_modificacion": null, "fecha_creacion": "2025-08-30T20:26:14.028", "fecha_modificacion": null, "comentario_modificacion": null, "tienda": 1, "cliente": null, "metodo_pago": "Efectivo", "descuento": "0.00", "total_venta": "0.00", "quiere_comprobante": false}}, {"model": "ventas.venta", "pk": 176, "fields": {"usuario_creacion": ["ale@gmail.com"], "usuario_modificacion": null, "fecha_creacion": "2025-08-30T20:26:13.991", "fecha_modificacion": null, "comentario_modificacion": null, "tienda": 1, "cliente": null, "metodo_pago": "Efectivo", "descuento": "0.00", "total_venta": "0.00", "quiere_comprobante": false}}, {"model": "ventas.venta", "pk": 177, "fields": {"usuario_creacion": ["ale@gmail.com"], "usuario_modificacion": null, "fecha_creacion": "2025-08-30T20:26:14.061", "fecha_modificacion": null, "comentario_modificacion": null, "tienda": 1, "cliente": null, "metodo_pago": "Efectivo", "descuento": "0.00", "total_venta": "0.00", "quiere_comprobante": false}}, {"model": "ventas.venta", "pk": 178, "fields": {"usuario_creacion": ["ale@gmail.com"], "usuario_modificacion": null, "fecha_creacion": "2025-08-30T20:26:14.075", "fecha_modificacion": null, "comentario_modificacion": null, "tienda": 1, "cliente": null, "metodo_pago": "Efectivo", "descuento": "0.00", "total_venta": "0.00", "quiere_comprobante": false}}, {"model": "ventas.venta", "pk": 179, "fields": {"usuario_creacion": ["ale@gmail.com"], "usuario_modificacion": null, "fecha_creacion": "2025-08-30T20:26:13.992", "fecha_modificacion": null, "comentario_modificacion": null, "tienda": 1, "cliente": null, "metodo_pago": "Efectivo", "descuento": "0.00", "total_venta": "0.00", "quiere_comprobante": false}}, {"model": "ventas.venta", "pk": 180, "fields": {"usuario_creacion": ["ale@gmail.com"], "usuario_modificacion": null, "fecha_creacion": "2025-08-30T20:26:14.089", "fecha_modificacion": null, "comentario_modificacion": null, "tienda": 1, "cliente": null, "metodo_pago": "Efectivo", "descuento": "0.00", "total_venta": "0.00", "quiere_comprobante": false}}, {"model": "ventas.venta", "pk": 181, "fields": {"usuario_creacion": ["ale@gmail.com"], "usuario_modificacion": null, "fecha_creacion": "2025-08-30T20:26:14.104", "fecha_modificacion": null, "comentario_modificacion": null, "tienda": 1, "cliente": null, "metodo_pago": "Efectivo", "descuento": "0.00", "total_venta": "0.00", "quiere_comprobante": false}}, {"model": "ventas.venta", "pk": 182, "fields": {"usuario_creacion": ["ale@gmail.com"], "usuario_modificacion": null, "fecha_creacion": "2025-08-30T20:26:14.112", "fecha_modificacion": null, "comentario_modificacion": null, "tienda": 1, "cliente": null, "metodo_pago": "Efectivo", "descuento": "0.00", "total_venta": "0.00", "quiere_comprobante": false}}, {"model": "ventas.venta", "pk": 183, "fields": {"usuario_creacion": ["ale@gmail.com"], "usuario_modificacion": null, "fecha_creacion": "2025-08-30T20:26:14.126", "fecha_modificacion": null, "comentario_modificacion": null, "tienda": 1, "cliente": null, "metodo_pago": "Efectivo", "descuento": "0.00", "total_venta": "0.00", "quiere_comprobante": false}}, {"model": "ventas.venta", "pk": 184, "fields": {"usuario_creacion": ["ale@gmail.com"], "usuario_modificacion": null, "fecha_creacion": "2025-08-30T20:26:14.138", "fecha_modificacion": null, "comentario_modificacion": null, "tienda": 1, "cliente": null, "metodo_pago": "Efectivo", "descuento": "0.00", "total_venta": "0.00", "quiere_comprobante": false}}, {"model": "ventas.venta", "pk": 185, "fields": {"usuario_creacion": ["ale@gmail.com"], "usuario_modificacion": null, "fecha_creacion": "2025-08-30T20:26:14.151", "fecha_modificacion": null, "comentario_modificacion": null, "tienda": 1, "cliente": null, "metodo_pago": "Efectivo", "descuento": "0.00", "total_venta": "0.00", "quiere_comprobante": false}}, {"model": "ventas.venta", "pk": 186, "fields": {"usuario_creacion": ["ale@gmail.com"], "usuario_modificacion": null, "fecha_creacion": "2025-08-30T20:26:14.162", "fecha_modificacion": null, "comentario_modificacion": null, "tienda": 1, "cliente": null, "metodo_pago": "Efectivo", "descuento": "0.00", "total_venta": "0.00", "quiere_comprobante": false}}, {"model": "ventas.venta", "pk": 187, "fields": {"usuario_creacion": ["ale@gmail.com"], "usuario_modificacion": null, "fecha_creacion": "2025-08-30T20:26:14.184", "fecha_modificacion": null, "comentario_modificacion": null, "tienda": 1, "cliente": null, "metodo_pago": "Efectivo", "descuento": "0.00", "total_venta": "0.00", "quiere_comprobante": false}}, {"model": "ventas.venta", "pk": 188, "fields": {"usuario_creacion": ["ale@gmail.com"], "usuario_modificacion": null, "fecha_creacion": "2025-08-30T20:26:14.081", "fecha_modificacion": null, "comentario_modificacion": null, "tienda": 1, "cliente": null, "metodo_pago": "Efectivo", "descuento": "0.00", "total_venta": "0.00", "quiere_comprobante": false}}, {"model": "ventas.venta", "pk": 189, "fields": {"usuario_creacion": ["ale@gmail.com"], "usuario_modificacion": null, "fecha_creacion": "2025-08-30T20:26:14.201", "fecha_modificacion": null, "comentario_modificacion": null, "tienda": 1, "cliente": null, "metodo_pago": "Efectivo", "descuento": "0.00", "total_venta": "0.00", "quiere_comprobante": false}}, {"model": "ventas.venta", "pk": 190, "fields": {"usuario_creacion": ["ale@gmail.com"], "usuario_modificacion": null, "fecha_creacion": "2025-08-30T20:26:14.127", "fecha_modificacion": null, "comentario_modificacion": null, "tienda": 1, "cliente": null, "metodo_pago": "Efectivo", "descuento": "0.00", "total_venta": "0.00", "quiere_comprobante": false}}, {"model": "ventas.venta", "pk": 191, "fields": {"usuario_creacion": ["ale@gmail.com"], "usuario_modificacion": null, "fecha_creacion": "2025-08-30T20:26:14.233", "fecha_modificacion": null, "comentario_modificacion": null, "tienda": 1, "cliente": null, "metodo_pago": "Efectivo", "descuento": "0.00", "total_venta": "0.00", "quiere_comprobante": false}}, {"model": "ventas.venta", "pk": 192, "fields": {"usuario_creacion": ["ale@gmail.com"], "usuario_modificacion": null, "fecha_creacion": "2025-08-30T20:26:14.127", "fecha_modificacion": null, "comentario_modificacion": null, "tienda": 1, "cliente": null, "metodo_pago": "Efectivo", "descuento": "0.00", "total_venta": "0.00", "quiere_comprobante": false}}, {"model": "ventas.venta", "pk": 193, "fields": {"usuario_creacion": ["ale@gmail.com"], "usuario_modificacion": null, "fecha_creacion": "2025-08-30T20:26:14.252", "fecha_modificacion": null, "comentario_modificacion": null, "tienda": 1, "cliente": null, "metodo_pago": "Efectivo", "descuento": "0.00", "total_venta": "0.00", "quiere_comprobante": false}}, {"model": "ventas.venta", "pk": 194, "fields": {"usuario_creacion": ["ale@gmail.com"], "usuario_modificacion": null, "fecha_creacion": "2025-08-30T20:26:14.278", "fecha_modificacion": null, "comentario_modificacion": null, "tienda": 1, "cliente": null, "metodo_pago": "Efectivo", "descuento": "0.00", "total_venta": "0.00", "quiere_comprobante": false}}, {"model": "ventas.venta", "pk": 195, "fields": {"usuario_creacion": ["ale@gmail.com"], "usuario_modificacion": null, "fecha_creacion": "2025-08-30T20:26:14.164", "fecha_modificacion": null, "comentario_modificacion": null, "tienda": 1, "cliente": null, "metodo_pago": "Efectivo", "descuento": "0.00", "total_venta": "0.00", "quiere_comprobante": false}}, {"model": "ventas.venta", "pk": 196, "fields": {"usuario_creacion": ["ale@gmail.com"], "usuario_modificacion": null, "fecha_creacion": "2025-08-30T20:26:14.252", "fecha_modificacion": null, "comentario_modificacion": null, "tienda": 1, "cliente": null, "metodo_pago": "Efectivo", "descuento": "0.00", "total_venta": "0.00", "quiere_comprobante": false}}, {"model": "ventas.venta", "pk": 197, "fields": {"usuario_creacion": ["ale@gmail.com"], "usuario_modificacion": null, "fecha_creacion": "2025-08-30T20:26:14.313", "fecha_modificacion": null, "comentario_modificacion": null, "tienda": 1, "cliente": null, "metodo_pago": "Efectivo", "descuento": "0.00", "total_venta": "0.00", "quiere_comprobante": false}}, {"model": "ventas.venta", "pk": 198, "fields": {"usuario_creacion": ["ale@gmail.com"], "usuario_modificacion": null, "fecha_creacion": "2025-08-30T20:26:14.344", "fecha_modificacion": null, "comentario_modificacion": null, "tienda": 1, "cliente": null, "metodo_pago": "Efectivo", "descuento": "0.00", "total_venta": "0.00", "quiere_comprobante": false}}, {"model": "ventas.venta", "pk": 199, "fields": {"usuario_creacion": ["ale@gmail.com"], "usuario_modificacion": null, "fecha_creacion": "2025-08-30T20:26:14.356", "fecha_modificacion": null, "comentario_modificacion": null, "tienda": 1, "cliente": null, "metodo_pago": "Efectivo", "descuento": "0.00", "total_venta": "0.00", "quiere_comprobante": false}}, {"model": "ventas.venta", "pk": 200, "fields": {"usuario_creacion": ["ale@gmail.com"], "usuario_modificacion": null, "fecha_creacion": "2025-08-30T20:26:14.331", "fecha_modificacion": null, "comentario_modificacion": null, "tienda": 1, "cliente": null, "metodo_pago": "Efectivo", "descuento": "0.00", "total_venta": "0.00", "quiere_comprobante": false}}, {"model": "ventas.venta", "pk": 201, "fields": {"usuario_creacion": ["ale@gmail.com"], "usuario_modificacion": null, "fecha_creacion": "2025-08-30T20:26:14.372", "fecha_modificacion": null, "comentario_modificacion": null, "tienda": 1, "cliente": null, "metodo_pago": "Efectivo", "descuento": "0.00", "total_venta": "0.00", "quiere_comprobante": false}}, {"model": "ventas.venta", "pk": 202, "fields": {"usuario_creacion": ["ale@gmail.com"], "usuario_modificacion": null, "fecha_creacion": "2025-08-30T20:26:14.388", "fecha_modificacion": null, "comentario_modificacion": null, "tienda": 1, "cliente": null, "metodo_pago": "Efectivo", "descuento": "0.00", "total_venta": "0.00", "quiere_comprobante": false}}, {"model": "ventas.venta", "pk": 203, "fields": {"usuario_creacion": ["ale@gmail.com"], "usuario_modificacion": null, "fecha_creacion": "2025-08-30T20:26:14.284", "fecha_modificacion": null, "comentario_modificacion": null, "tienda": 1, "cliente": null, "metodo_pago": "Efectivo", "descuento": "0.00", "total_venta": "0.00", "quiere_comprobante": false}}, {"model": "ventas.venta", "pk": 204, "fields": {"usuario_creacion": ["ale@gmail.com"], "usuario_modificacion": null, "fecha_creacion": "2025-08-30T20:26:14.402", "fecha_modificacion": null, "comentario_modificacion": null, "tienda": 1, "cliente": null, "metodo_pago": "Efectivo", "descuento": "0.00", "total_venta": "0.00", "quiere_comprobante": false}}, {"model": "ventas.venta", "pk": 205, "fields": {"usuario_creacion": ["ale@gmail.com"], "usuario_modificacion": null, "fecha_creacion": "2025-08-30T20:26:14.419", "fecha_modificacion": null, "comentario_modificacion": null, "tienda": 1, "cliente": null, "metodo_pago": "Efectivo", "descuento": "0.00", "total_venta": "0.00", "quiere_comprobante": false}}, {"model": "ventas.venta", "pk": 206, "fields": {"usuario_creacion": ["ale@gmail.com"], "usuario_modificacion": null, "fecha_creacion": "2025-08-30T20:26:14.394", "fecha_modificacion": null, "comentario_modificacion": null, "tienda": 1, "cliente": null, "metodo_pago": "Efectivo", "descuento": "0.00", "total_venta": "0.00", "quiere_comprobante": false}}, {"model": "ventas.venta", "pk": 207, "fields": {"usuario_creacion": ["ale@gmail.com"], "usuario_modificacion": null, "fecha_creacion": "2025-08-30T20:26:14.375", "fecha_modificacion": null, "comentario_modificacion": null, "tienda": 1, "cliente": null, "metodo_pago": "Efectivo", "descuento": "0.00", "total_venta": "0.00", "quiere_comprobante": false}}, {"model": "ventas.venta", "pk": 208, "fields": {"usuario_creacion": ["ale@gmail.com"], "usuario_modificacion": null, "fecha_creacion": "2025-08-30T20:26:14.473", "fecha_modificacion": null, "comentario_modificacion": null, "tienda": 1, "cliente": null, "metodo_pago": "Efectivo", "descuento": "0.00", "total_venta": "0.00", "quiere_comprobante": false}}, {"model": "ventas.venta", "pk": 209, "fields": {"usuario_creacion": ["ale@gmail.com"], "usuario_modificacion": null, "fecha_creacion": "2025-08-30T20:26:14.330", "fecha_modificacion": null, "comentario_modificacion": null, "tienda": 1, "cliente": null, "metodo_pago": "Efectivo", "descuento": "0.00", "total_venta": "0.00", "quiere_comprobante": false}}, {"model": "ventas.venta", "pk": 210, "fields": {"usuario_creacion": ["ale@gmail.com"], "usuario_modificacion": null, "fecha_creacion": "2025-08-30T20:26:14.502", "fecha_modificacion": null, "comentario_modificacion": null, "tienda": 1, "cliente": null, "metodo_pago": "Efectivo", "descuento": "0.00", "total_venta": "0.00", "quiere_comprobante": false}}, {"model": "ventas.venta", "pk": 211, "fields": {"usuario_creacion": ["ale@gmail.com"], "usuario_modificacion": null, "fecha_creacion": "2025-08-30T20:26:14.425", "fecha_modificacion": null, "comentario_modificacion": null, "tienda": 1, "cliente": null, "metodo_pago": "Efectivo", "descuento": "0.00", "total_venta": "0.00", "quiere_comprobante": false}}, {"model": "ventas.venta", "pk": 212, "fields": {"usuario_creacion": ["ale@gmail.com"], "usuario_modificacion": null, "fecha_creacion": "2025-08-30T20:28:25.785", "fecha_modificacion": null, "comentario_modificacion": null, "tienda": 1, "cliente": null, "metodo_pago": "Efectivo", "descuento": "0.00", "total_venta": "21.00", "quiere_comprobante": false}}, {"model": "ventas.venta", "pk": 213, "fields": {"usuario_creacion": ["ale@gmail.com"], "usuario_modificacion": null, "fecha_creacion": "2025-08-30T20:34:00.844", "fecha_modificacion": null, "comentario_modificacion": null, "tienda": 1, "cliente": 3, "metodo_pago": "Efectivo", "descuento": "11.00", "total_venta": "190.40", "quiere_comprobante": true}}, {"model": "ventas.venta", "pk": 214, "fields": {"usuario_creacion": ["ale@gmail.com"], "usuario_modificacion": null, "fecha_creacion": "2025-08-30T21:26:30.466", "fecha_modificacion": null, "comentario_modificacion": null, "tienda": 1, "cliente": 4, "metodo_pago": "Efectivo", "descuento": "5.00", "total_venta": "171.80", "quiere_comprobante": true}}, {"model": "ventas.venta", "pk": 215, "fields": {"usuario_creacion": ["ale@gmail.com"], "usuario_modificacion": null, "fecha_creacion": "2025-08-30T23:29:07.923", "fecha_modificacion": null, "comentario_modificacion": null, "tienda": 1, "cliente": 1, "metodo_pago": "Efectivo", "descuento": "1.00", "total_venta": "149.50", "quiere_comprobante": true}}, {"model": "ventas.venta", "pk": 216, "fields": {"usuario_creacion": ["ale@gmail.com"], "usuario_modificacion": null, "fecha_creacion": "2025-08-30T23:34:16.132", "fecha_modificacion": null, "comentario_modificacion": null, "tienda": 1, "cliente": 1, "metodo_pago": "Efectivo", "descuento": "0.00", "total_venta": "104.00", "quiere_comprobante": true}}, {"model": "ventas.venta", "pk": 217, "fields": {"usuario_creacion": ["ale@gmail.com"], "usuario_modificacion": null, "fecha_creacion": "2025-08-31T00:01:42.454", "fecha_modificacion": null, "comentario_modificacion": null, "tienda": 1, "cliente": 1, "metodo_pago": "Efectivo", "descuento": "13.00", "total_venta": "1698.30", "quiere_comprobante": true}}, {"model": "ventas.venta", "pk": 218, "fields": {"usuario_creacion": ["ale@gmail.com"], "usuario_modificacion": null, "fecha_creacion": "2025-08-31T00:06:03.630", "fecha_modificacion": null, "comentario_modificacion": null, "tienda": 1, "cliente": 1, "metodo_pago": "Efectivo", "descuento": "0.00", "total_venta": "557.10", "quiere_comprobante": true}}, {"model": "ventas.venta", "pk": 219, "fields": {"usuario_creacion": ["ale@gmail.com"], "usuario_modificacion": null, "fecha_creacion": "2025-08-31T00:10:48.760", "fecha_modificacion": null, "comentario_modificacion": null, "tienda": 1, "cliente": 1, "metodo_pago": "Efectivo", "descuento": "8.00", "total_venta": "1015.10", "quiere_comprobante": true}}, {"model": "ventas.venta", "pk": 220, "fields": {"usuario_creacion": ["ale@gmail.com"], "usuario_modificacion": null, "fecha_creacion": "2025-08-31T00:18:56.518", "fecha_modificacion": null, "comentario_modificacion": null, "tienda": 1, "cliente": null, "metodo_pago": "Efectivo", "descuento": "3.00", "total_venta": "906.30", "quiere_comprobante": false}}, {"model": "ventas.venta", "pk": 221, "fields": {"usuario_creacion": ["ale@gmail.com"], "usuario_modificacion": null, "fecha_creacion": "2025-08-31T00:20:54.627", "fecha_modificacion": null, "comentario_modificacion": null, "tienda": 1, "cliente": null, "metodo_pago": "Efectivo", "descuento": "0.00", "total_venta": "90.00", "quiere_comprobante": false}}, {"model": "ventas.venta", "pk": 222, "fields": {"usuario_creacion": ["ale@gmail.com"], "usuario_modificacion": null, "fecha_creacion": "2025-08-31T00:23:07.433", "fecha_modificacion": null, "comentario_modificacion": null, "tienda": 1, "cliente": 1, "metodo_pago": "Efectivo", "descuento": "0.00", "total_venta": "130.00", "quiere_comprobante": true}}, {"model": "ventas.venta", "pk": 223, "fields": {"usuario_creacion": ["ale@gmail.com"], "usuario_modificacion": null, "fecha_creacion": "2025-08-31T00:24:57.261", "fecha_modificacion": null, "comentario_modificacion": null, "tienda": 1, "cliente": 1, "metodo_pago": "Efectivo", "descuento": "0.00", "total_venta": "111.00", "quiere_comprobante": true}}, {"model": "ventas.venta", "pk": 224, "fields": {"usuario_creacion": ["ale@gmail.com"], "usuario_modificacion": null, "fecha_creacion": "2025-08-31T00:29:39.796", "fecha_modificacion": null, "comentario_modificacion": null, "tienda": 1, "cliente": 1, "metodo_pago": "Efectivo", "descuento": "0.00", "total_venta": "125.00", "quiere_comprobante": true}}, {"model": "ventas.venta", "pk": 225, "fields": {"usuario_creacion": ["ale@gmail.com"], "usuario_modificacion": null, "fecha_creacion": "2025-08-31T00:32:56.084", "fecha_modificacion": null, "comentario_modificacion": null, "tienda": 1, "cliente": 1, "metodo_pago": "Efectivo", "descuento": "0.00", "total_venta": "104.00", "quiere_comprobante": true}}, {"model": "ventas.venta", "pk": 226, "fields": {"usuario_creacion": ["ale@gmail.com"], "usuario_modificacion": null, "fecha_creacion": "2025-08-31T00:38:13.993", "fecha_modificacion": null, "comentario_modificacion": null, "tienda": 1, "cliente": 1, "metodo_pago": "Efectivo", "descuento": "10.00", "total_venta": "93.00", "quiere_comprobante": true}}, {"model": "ventas.venta", "pk": 227, "fields": {"usuario_creacion": ["ale@gmail.com"], "usuario_modificacion": null, "fecha_creacion": "2025-08-31T00:45:33.793", "fecha_modificacion": null, "comentario_modificacion": null, "tienda": 1, "cliente": null, "metodo_pago": "Efectivo", "descuento": "0.40", "total_venta": "442.60", "quiere_comprobante": false}}, {"model": "ventas.venta", "pk": 228, "fields": {"usuario_creacion": ["ale@gmail.com"], "usuario_modificacion": null, "fecha_creacion": "2025-08-31T00:47:48.265", "fecha_modificacion": null, "comentario_modificacion": null, "tienda": 1, "cliente": 1, "metodo_pago": "Efectivo", "descuento": "1.50", "total_venta": "588.50", "quiere_comprobante": true}}, {"model": "ventas.venta", "pk": 229, "fields": {"usuario_creacion": ["ale@gmail.com"], "usuario_modificacion": null, "fecha_creacion": "2025-08-31T00:52:20.516", "fecha_modificacion": null, "comentario_modificacion": null, "tienda": 1, "cliente": 1, "metodo_pago": "Efectivo", "descuento": "0.30", "total_venta": "418.70", "quiere_comprobante": true}}, {"model": "ventas.venta", "pk": 230, "fields": {"usuario_creacion": ["ale@gmail.com"], "usuario_modificacion": null, "fecha_creacion": "2025-08-31T00:58:27.741", "fecha_modificacion": null, "comentario_modificacion": null, "tienda": 1, "cliente": 1, "metodo_pago": "Efectivo", "descuento": "0.30", "total_venta": "1260.70", "quiere_comprobante": true}}, {"model": "ventas.venta", "pk": 231, "fields": {"usuario_creacion": ["ale@gmail.com"], "usuario_modificacion": null, "fecha_creacion": "2025-08-31T01:04:15.285", "fecha_modificacion": null, "comentario_modificacion": null, "tienda": 1, "cliente": 1, "metodo_pago": "Efectivo", "descuento": "0.00", "total_venta": "482.90", "quiere_comprobante": true}}, {"model": "ventas.venta", "pk": 232, "fields": {"usuario_creacion": ["ale@gmail.com"], "usuario_modificacion": null, "fecha_creacion": "2025-08-31T01:06:26.420", "fecha_modificacion": null, "comentario_modificacion": null, "tienda": 1, "cliente": 1, "metodo_pago": "Efectivo", "descuento": "0.00", "total_venta": "149.80", "quiere_comprobante": true}}, {"model": "ventas.venta", "pk": 233, "fields": {"usuario_creacion": ["ale@gmail.com"], "usuario_modificacion": null, "fecha_creacion": "2025-08-31T01:10:05.626", "fecha_modificacion": null, "comentario_modificacion": null, "tienda": 1, "cliente": 1, "metodo_pago": "Efectivo", "descuento": "0.40", "total_venta": "104.30", "quiere_comprobante": true}}, {"model": "ventas.venta", "pk": 234, "fields": {"usuario_creacion": ["ale@gmail.com"], "usuario_modificacion": null, "fecha_creacion": "2025-08-31T01:10:47.347", "fecha_modificacion": null, "comentario_modificacion": null, "tienda": 1, "cliente": 1, "metodo_pago": "Efectivo", "descuento": "0.00", "total_venta": "90.00", "quiere_comprobante": true}}, {"model": "ventas.venta", "pk": 235, "fields": {"usuario_creacion": ["ale@gmail.com"], "usuario_modificacion": null, "fecha_creacion": "2025-08-31T01:11:56.217", "fecha_modificacion": null, "comentario_modificacion": null, "tienda": 1, "cliente": 1, "metodo_pago": "Efectivo", "descuento": "0.00", "total_venta": "40.00", "quiere_comprobante": true}}, {"model": "ventas.venta", "pk": 236, "fields": {"usuario_creacion": ["ale@gmail.com"], "usuario_modificacion": null, "fecha_creacion": "2025-08-31T01:14:11.555", "fecha_modificacion": null, "comentario_modificacion": null, "tienda": 1, "cliente": 1, "metodo_pago": "Efectivo", "descuento": "0.00", "total_venta": "21.00", "quiere_comprobante": true}}, {"model": "ventas.venta", "pk": 237, "fields": {"usuario_creacion": ["ale@gmail.com"], "usuario_modificacion": null, "fecha_creacion": "2025-08-31T01:37:04.010", "fecha_modificacion": null, "comentario_modificacion": null, "tienda": 1, "cliente": 2, "metodo_pago": "Efectivo", "descuento": "1.80", "total_venta": "1086.50", "quiere_comprobante": true}}, {"model": "ventas.venta", "pk": 238, "fields": {"usuario_creacion": ["ale@gmail.com"], "usuario_modificacion": null, "fecha_creacion": "2025-08-31T12:53:48.322", "fecha_modificacion": null, "comentario_modificacion": null, "tienda": 1, "cliente": null, "metodo_pago": "Efectivo", "descuento": "0.00", "total_venta": "0.00", "quiere_comprobante": false}}, {"model": "ventas.venta", "pk": 239, "fields": {"usuario_creacion": ["ale@gmail.com"], "usuario_modificacion": null, "fecha_creacion": "2025-08-31T15:35:14.118", "fecha_modificacion": null, "comentario_modificacion": null, "tienda": 1, "cliente": 1, "metodo_pago": "Efectivo", "descuento": "21.00", "total_venta": "77.00", "quiere_comprobante": true}}, {"model": "ventas.venta", "pk": 240, "fields": {"usuario_creacion": ["ale@gmail.com"], "usuario_modificacion": null, "fecha_creacion": "2025-08-31T16:00:47.718", "fecha_modificacion": null, "comentario_modificacion": null, "tienda": 1, "cliente": null, "metodo_pago": "Efectivo", "descuento": "0.00", "total_venta": "14.00", "quiere_comprobante": false}}, {"model": "ventas.venta", "pk": 241, "fields": {"usuario_creacion": ["wil.fabri777@gmail.com"], "usuario_modificacion": null, "fecha_creacion": "2025-08-31T20:06:51.687", "fecha_modificacion": null, "comentario_modificacion": null, "tienda": 2, "cliente": 1, "metodo_pago": "Efectivo", "descuento": "0.20", "total_venta": "102.40", "quiere_comprobante": true}}, {"model": "ventas.venta", "pk": 242, "fields": {"usuario_creacion": ["ale@gmail.com"], "usuario_modificacion": null, "fecha_creacion": "2025-08-31T20:18:42.327", "fecha_modificacion": null, "comentario_modificacion": null, "tienda": 1, "cliente": 1, "metodo_pago": "Efectivo", "descuento": "0.00", "total_venta": "69.00", "quiere_comprobante": true}}, {"model": "ventas.venta", "pk": 243, "fields": {"usuario_creacion": ["ale@gmail.com"], "usuario_modificacion": null, "fecha_creacion": "2025-10-02T22:44:51.520", "fecha_modificacion": null, "comentario_modificacion": null, "tienda": 1, "cliente": null, "metodo_pago": "Efectivo", "descuento": "0.00", "total_venta": "71.90", "quiere_comprobante": false}}, {"model": "ventas.venta", "pk": 244, "fields": {"usuario_creacion": ["ale@gmail.com"], "usuario_modificacion": null, "fecha_creacion": "2025-10-02T22:45:24.873", "fecha_modificacion": null, "comentario_modificacion": null, "tienda": 1, "cliente": null, "metodo_pago": "Efectivo", "descuento": "0.00", "total_venta": "28.00", "quiere_comprobante": false}}, {"model": "ventas.venta", "pk": 245, "fields": {"usuario_creacion": ["ale@gmail.com"], "usuario_modificacion": null, "fecha_creacion": "2025-10-02T22:45:34.066", "fecha_modificacion": null, "comentario_modificacion": null, "tienda": 1, "cliente": null, "metodo_pago": "Efectivo", "descuento": "0.00", "total_venta": "56.00", "quiere_comprobante": false}}, {"model": "ventas.venta", "pk": 246, "fields": {"usuario_creacion": ["ale@gmail.com"], "usuario_modificacion": null, "fecha_creacion": "2025-10-02T23:21:58.950", "fecha_modificacion": null, "comentario_modificacion": null, "tienda": 1, "cliente": null, "metodo_pago": "Efectivo", "descuento": "0.00", "total_venta": "56.00", "quiere_comprobante": false}}, {"model": "ventas.venta", "pk": 247, "fields": {"usuario_creacion": ["ale@gmail.com"], "usuario_modificacion": null, "fecha_creacion": "2025-10-02T23:22:06.157", "fecha_modificacion": null, "comentario_modificacion": null, "tienda": 1, "cliente": null, "metodo_pago": "Efectivo", "descuento": "0.00", "total_venta": "132.00", "quiere_comprobante": false}}, {"model": "ventas.venta", "pk": 248, "fields": {"usuario_creacion": ["ale@gmail.com"], "usuario_modificacion": null, "fecha_creacion": "2025-10-02T23:23:16.949", "fecha_modificacion": null, "comentario_modificacion": null, "tienda": 1, "cliente": null, "metodo_pago": "Efectivo", "descuento": "0.00", "total_venta": "172.00", "quiere_comprobante": false}}, {"model": "ventas.venta", "pk": 249, "fields": {"usuario_creacion": ["ale@gmail.com"], "usuario_modificacion": null, "fecha_creacion": "2025-10-03T00:47:32.417", "fecha_modificacion": null, "comentario_modificacion": null, "tienda": 1, "cliente": null, "metodo_pago": "Efectivo", "descuento": "0.00", "total_venta": "30.00", "quiere_comprobante": false}}, {"model": "ventas.venta", "pk": 250, "fields": {"usuario_creacion": ["ale@gmail.com"], "usuario_modificacion": null, "fecha_creacion": "2025-10-03T00:47:45.242", "fecha_modificacion": null, "comentario_modificacion": null, "tienda": 1, "cliente": null, "metodo_pago": "Efectivo", "descuento": "0.00", "total_venta": "280.00", "quiere_comprobante": false}}, {"model": "ventas.venta", "pk": 251, "fields": {"usuario_creacion": ["ale@gmail.com"], "usuario_modificacion": null, "fecha_creacion": "2025-10-03T00:48:12.579", "fecha_modificacion": null, "comentario_modificacion": null, "tienda": 1, "cliente": null, "metodo_pago": "Efectivo", "descuento": "0.00", "total_venta": "80.00", "quiere_comprobante": false}}, {"model": "predicciones.prediccion", "pk": 1, "fields": {"usuario_creacion": ["ale@gmail.com"], "usuario_modificacion": null, "fecha_creacion": "2025-09-27T17:51:23.859", "fecha_modificacion": null, "comentario_modificacion": null, "inventario": 5, "configuracion": 9, "fecha_inicio": "2020-12-31", "fecha_fin": "2021-03-27", "resultado": "136.00"}}, {"model": "predicciones.prediccion", "pk": 2, "fields": {"usuario_creacion": ["ale@gmail.com"], "usuario_modificacion": null, "fecha_creacion": "2025-09-27T18:03:52.113", "fecha_modificacion": null, "comentario_modificacion": null, "inventario": 5, "configuracion": 9, "fecha_inicio": "2021-01-27", "fecha_fin": "2021-04-27", "resultado": "406.00"}}, {"model": "predicciones.prediccion", "pk": 3, "fields": {"usuario_creacion": ["ale@gmail.com"], "usuario_modificacion": null, "fecha_creacion": "2025-09-27T18:52:56.430", "fecha_modificacion": null, "comentario_modificacion": null, "inventario": 5, "configuracion": 9, "fecha_inicio": "2021-02-27", "fecha_fin": "2021-05-27", "resultado": "272.00"}}, {"model": "inventarios.movimiento", "pk": 5, "fields": {"usuario_creacion": ["ale@gmail.com"], "usuario_modificacion": null, "fecha_creacion": "2025-08-11T18:17:11.178", "fecha_modificacion": null, "comentario_modificacion": null, "inventario": 5, "tipo": 1, "cantidad": 2}}, {"model": "inventarios.movimiento", "pk": 6, "fields": {"usuario_creacion": ["ale@gmail.com"], "usuario_modificacion": null, "fecha_creacion": "2025-08-12T00:40:14.789", "fecha_modificacion": null, "comentario_modificacion": null, "inventario": 5, "tipo": 1, "cantidad": 10}}, {"model": "inventarios.movimiento", "pk": 7, "fields": {"usuario_creacion": ["ale@gmail.com"], "usuario_modificacion": null, "fecha_creacion": "2025-08-15T18:11:55.829", "fecha_modificacion": null, "comentario_modificacion": null, "inventario": 9, "tipo": 1, "cantidad": 1}}, {"model": "inventarios.movimiento", "pk": 8, "fields": {"usuario_creacion": ["ale@gmail.com"], "usuario_modificacion": null, "fecha_creacion": "2025-08-15T18:11:55.831", "fecha_modificacion": null, "comentario_modificacion": null, "inventario": 5, "tipo": 1, "cantidad": 1}}, {"model": "inventarios.movimiento", "pk": 9, "fields": {"usuario_creacion": ["ale@gmail.com"], "usuario_modificacion": null, "fecha_creacion": "2025-08-15T18:13:21.428", "fecha_modificacion": null, "comentario_modificacion": null, "inventario": 5, "tipo": 1, "cantidad": 1}}, {"model": "inventarios.movimiento", "pk": 10, "fields": {"usuario_creacion": ["ale@gmail.com"], "usuario_modificacion": null, "fecha_creacion": "2025-08-15T18:13:21.430", "fecha_modificacion": null, "comentario_modificacion": null, "inventario": 9, "tipo": 1, "cantidad": 1}}, {"model": "inventarios.movimiento", "pk": 13, "fields": {"usuario_creacion": ["ale@gmail.com"], "usuario_modificacion": null, "fecha_creacion": "2025-08-19T17:25:06.756", "fecha_modificacion": null, "comentario_modificacion": null, "inventario": 9, "tipo": 1, "cantidad": 1}}, {"model": "inventarios.movimiento", "pk": 14, "fields": {"usuario_creacion": ["ale@gmail.com"], "usuario_modificacion": null, "fecha_creacion": "2025-08-19T17:25:06.759", "fecha_modificacion": null, "comentario_modificacion": null, "inventario": 5, "tipo": 1, "cantidad": 1}}, {"model": "inventarios.movimiento", "pk": 15, "fields": {"usuario_creacion": ["ale@gmail.com"], "usuario_modificacion": null, "fecha_creacion": "2025-08-29T12:07:56.913", "fecha_modificacion": null, "comentario_modificacion": null, "inventario": 5, "tipo": 1, "cantidad": 2}}, {"model": "inventarios.movimiento", "pk": 16, "fields": {"usuario_creacion": ["ale@gmail.com"], "usuario_modificacion": null, "fecha_creacion": "2025-08-29T12:07:56.916", "fecha_modificacion": null, "comentario_modificacion": null, "inventario": 6, "tipo": 1, "cantidad": 2}}, {"model": "inventarios.movimiento", "pk": 21, "fields": {"usuario_creacion": ["ale@gmail.com"], "usuario_modificacion": null, "fecha_creacion": "2025-08-29T13:51:39.940", "fecha_modificacion": null, "comentario_modificacion": null, "inventario": 9, "tipo": 1, "cantidad": 7}}, {"model": "inventarios.movimiento", "pk": 24, "fields": {"usuario_creacion": ["ale@gmail.com"], "usuario_modificacion": null, "fecha_creacion": "2025-08-29T17:21:57.520", "fecha_modificacion": null, "comentario_modificacion": null, "inventario": 7, "tipo": 1, "cantidad": 1}}, {"model": "inventarios.movimiento", "pk": 26, "fields": {"usuario_creacion": ["ale@gmail.com"], "usuario_modificacion": null, "fecha_creacion": "2025-08-29T17:55:21.318", "fecha_modificacion": null, "comentario_modificacion": null, "inventario": 7, "tipo": 1, "cantidad": 1}}, {"model": "inventarios.movimiento", "pk": 27, "fields": {"usuario_creacion": ["ale@gmail.com"], "usuario_modificacion": null, "fecha_creacion": "2025-08-29T17:55:21.321", "fecha_modificacion": null, "comentario_modificacion": null, "inventario": 8, "tipo": 1, "cantidad": 1}}, {"model": "inventarios.movimiento", "pk": 28, "fields": {"usuario_creacion": ["ale@gmail.com"], "usuario_modificacion": null, "fecha_creacion": "2025-08-29T17:55:21.323", "fecha_modificacion": null, "comentario_modificacion": null, "inventario": 9, "tipo": 1, "cantidad": 1}}, {"model": "inventarios.movimiento", "pk": 29, "fields": {"usuario_creacion": ["ale@gmail.com"], "usuario_modificacion": null, "fecha_creacion": "2025-08-29T17:57:41.657", "fecha_modificacion": null, "comentario_modificacion": null, "inventario": 7, "tipo": 1, "cantidad": 1}}, {"model": "inventarios.movimiento", "pk": 30, "fields": {"usuario_creacion": ["ale@gmail.com"], "usuario_modificacion": null, "fecha_creacion": "2025-08-29T17:57:41.660", "fecha_modificacion": null, "comentario_modificacion": null, "inventario": 8, "tipo": 1, "cantidad": 1}}, {"model": "inventarios.movimiento", "pk": 31, "fields": {"usuario_creacion": ["ale@gmail.com"], "usuario_modificacion": null, "fecha_creacion": "2025-08-29T17:57:41.662", "fecha_modificacion": null, "comentario_modificacion": null, "inventario": 9, "tipo": 1, "cantidad": 1}}, {"model": "inventarios.movimiento", "pk": 32, "fields": {"usuario_creacion": ["ale@gmail.com"], "usuario_modificacion": null, "fecha_creacion": "2025-08-29T18:03:28.951", "fecha_modificacion": null, "comentario_modificacion": null, "inventario": 7, "tipo": 1, "cantidad": 1}}, {"model": "inventarios.movimiento", "pk": 33, "fields": {"usuario_creacion": ["ale@gmail.com"], "usuario_modificacion": null, "fecha_creacion": "2025-08-29T18:03:28.967", "fecha_modificacion": null, "comentario_modificacion": null, "inventario": 8, "tipo": 1, "cantidad": 1}}, {"model": "inventarios.movimiento", "pk": 34, "fields": {"usuario_creacion": ["ale@gmail.com"], "usuario_modificacion": null, "fecha_creacion": "2025-08-29T18:03:28.975", "fecha_modificacion": null, "comentario_modificacion": null, "inventario": 9, "tipo": 1, "cantidad": 1}}, {"model": "inventarios.movimiento", "pk": 35, "fields": {"usuario_creacion": ["ale@gmail.com"], "usuario_modificacion": null, "fecha_creacion": "2025-08-29T18:21:06.634", "fecha_modificacion": null, "comentario_modificacion": null, "inventario": 5, "tipo": 1, "cantidad": 1}}, {"model": "inventarios.movimiento", "pk": 36, "fields": {"usuario_creacion": ["ale@gmail.com"], "usuario_modificacion": null, "fecha_creacion": "2025-08-29T18:21:06.637", "fecha_modificacion": null, "comentario_modificacion": null, "inventario": 6, "tipo": 1, "cantidad": 1}}, {"model": "inventarios.movimiento", "pk": 37, "fields": {"usuario_creacion": ["ale@gmail.com"], "usuario_modificacion": null, "fecha_creacion": "2025-08-29T18:21:06.639", "fecha_modificacion": null, "comentario_modificacion": null, "inventario": 7, "tipo": 1, "cantidad": 1}}, {"model": "inventarios.movimiento", "pk": 38, "fields": {"usuario_creacion": ["ale@gmail.com"], "usuario_modificacion": null, "fecha_creacion": "2025-08-29T18:21:06.641", "fecha_modificacion": null, "comentario_modificacion": null, "inventario": 8, "tipo": 1, "cantidad": 1}}, {"model": "inventarios.movimiento", "pk": 39, "fields": {"usuario_creacion": ["ale@gmail.com"], "usuario_modificacion": null, "fecha_creacion": "2025-08-29T18:21:06.643", "fecha_modificacion": null, "comentario_modificacion": null, "inventario": 9, "tipo": 1, "cantidad": 1}}, {"model": "inventarios.movimiento", "pk": 40, "fields": {"usuario_creacion": ["ale@gmail.com"], "usuario_modificacion": null, "fecha_creacion": "2025-08-29T18:24:40.282", "fecha_modificacion": null, "comentario_modificacion": null, "inventario": 7, "tipo": 1, "cantidad": 5}}, {"model": "inventarios.movimiento", "pk": 41, "fields": {"usuario_creacion": ["ale@gmail.com"], "usuario_modificacion": null, "fecha_creacion": "2025-08-29T18:24:40.285", "fecha_modificacion": null, "comentario_modificacion": null, "inventario": 8, "tipo": 1, "cantidad": 5}}, {"model": "inventarios.movimiento", "pk": 42, "fields": {"usuario_creacion": ["ale@gmail.com"], "usuario_modificacion": null, "fecha_creacion": "2025-08-29T18:24:40.288", "fecha_modificacion": null, "comentario_modificacion": null, "inventario": 9, "tipo": 1, "cantidad": 5}}, {"model": "inventarios.movimiento", "pk": 45, "fields": {"usuario_creacion": ["ale@gmail.com"], "usuario_modificacion": null, "fecha_creacion": "2025-08-29T18:35:03.571", "fecha_modificacion": null, "comentario_modificacion": null, "inventario": 9, "tipo": 1, "cantidad": 7}}, {"model": "inventarios.movimiento", "pk": 46, "fields": {"usuario_creacion": ["ale@gmail.com"], "usuario_modificacion": null, "fecha_creacion": "2025-08-29T18:38:12.068", "fecha_modificacion": null, "comentario_modificacion": null, "inventario": 7, "tipo": 1, "cantidad": 5}}, {"model": "inventarios.movimiento", "pk": 47, "fields": {"usuario_creacion": ["ale@gmail.com"], "usuario_modificacion": null, "fecha_creacion": "2025-08-29T18:38:12.089", "fecha_modificacion": null, "comentario_modificacion": null, "inventario": 8, "tipo": 1, "cantidad": 5}}, {"model": "inventarios.movimiento", "pk": 48, "fields": {"usuario_creacion": ["ale@gmail.com"], "usuario_modificacion": null, "fecha_creacion": "2025-08-29T18:38:12.091", "fecha_modificacion": null, "comentario_modificacion": null, "inventario": 9, "tipo": 1, "cantidad": 5}}, {"model": "inventarios.movimiento", "pk": 49, "fields": {"usuario_creacion": ["ale@gmail.com"], "usuario_modificacion": null, "fecha_creacion": "2025-08-29T18:43:02.109", "fecha_modificacion": null, "comentario_modificacion": null, "inventario": 5, "tipo": 1, "cantidad": 2}}, {"model": "inventarios.movimiento", "pk": 50, "fields": {"usuario_creacion": ["ale@gmail.com"], "usuario_modificacion": null, "fecha_creacion": "2025-08-29T18:43:14.644", "fecha_modificacion": null, "comentario_modificacion": null, "inventario": 5, "tipo": 1, "cantidad": 2}}, {"model": "inventarios.movimiento", "pk": 51, "fields": {"usuario_creacion": ["ale@gmail.com"], "usuario_modificacion": null, "fecha_creacion": "2025-08-29T18:44:27.949", "fecha_modificacion": null, "comentario_modificacion": null, "inventario": 5, "tipo": 1, "cantidad": 2}}, {"model": "inventarios.movimiento", "pk": 52, "fields": {"usuario_creacion": ["ale@gmail.com"], "usuario_modificacion": null, "fecha_creacion": "2025-08-29T18:46:00.116", "fecha_modificacion": null, "comentario_modificacion": null, "inventario": 5, "tipo": 1, "cantidad": 2}}, {"model": "inventarios.movimiento", "pk": 53, "fields": {"usuario_creacion": ["ale@gmail.com"], "usuario_modificacion": null, "fecha_creacion": "2025-08-29T18:50:52.615", "fecha_modificacion": null, "comentario_modificacion": null, "inventario": 6, "tipo": 1, "cantidad": 5}}, {"model": "inventarios.movimiento", "pk": 54, "fields": {"usuario_creacion": ["ale@gmail.com"], "usuario_modificacion": null, "fecha_creacion": "2025-08-29T18:50:52.636", "fecha_modificacion": null, "comentario_modificacion": null, "inventario": 6, "tipo": 1, "cantidad": 5}}, {"model": "inventarios.movimiento", "pk": 55, "fields": {"usuario_creacion": ["ale@gmail.com"], "usuario_modificacion": null, "fecha_creacion": "2025-08-29T18:57:29.741", "fecha_modificacion": null, "comentario_modificacion": null, "inventario": 9, "tipo": 1, "cantidad": 1}}, {"model": "inventarios.movimiento", "pk": 56, "fields": {"usuario_creacion": ["ale@gmail.com"], "usuario_modificacion": null, "fecha_creacion": "2025-08-29T18:59:15.372", "fecha_modificacion": null, "comentario_modificacion": null, "inventario": 9, "tipo": 1, "cantidad": 1}}, {"model": "inventarios.movimiento", "pk": 57, "fields": {"usuario_creacion": ["ale@gmail.com"], "usuario_modificacion": null, "fecha_creacion": "2025-08-29T18:59:15.392", "fecha_modificacion": null, "comentario_modificacion": null, "inventario": 8, "tipo": 1, "cantidad": 1}}, {"model": "inventarios.movimiento", "pk": 58, "fields": {"usuario_creacion": ["ale@gmail.com"], "usuario_modificacion": null, "fecha_creacion": "2025-08-29T18:59:15.394", "fecha_modificacion": null, "comentario_modificacion": null, "inventario": 7, "tipo": 1, "cantidad": 1}}, {"model": "inventarios.movimiento", "pk": 60, "fields": {"usuario_creacion": ["ale@gmail.com"], "usuario_modificacion": null, "fecha_creacion": "2025-08-29T19:00:39.390", "fecha_modificacion": null, "comentario_modificacion": null, "inventario": 7, "tipo": 1, "cantidad": 2}}, {"model": "inventarios.movimiento", "pk": 61, "fields": {"usuario_creacion": ["ale@gmail.com"], "usuario_modificacion": null, "fecha_creacion": "2025-08-29T19:00:39.392", "fecha_modificacion": null, "comentario_modificacion": null, "inventario": 8, "tipo": 1, "cantidad": 2}}, {"model": "inventarios.movimiento", "pk": 62, "fields": {"usuario_creacion": ["ale@gmail.com"], "usuario_modificacion": null, "fecha_creacion": "2025-08-29T19:10:35.670", "fecha_modificacion": null, "comentario_modificacion": null, "inventario": 7, "tipo": 1, "cantidad": 3}}, {"model": "inventarios.movimiento", "pk": 63, "fields": {"usuario_creacion": ["ale@gmail.com"], "usuario_modificacion": null, "fecha_creacion": "2025-08-29T19:10:35.673", "fecha_modificacion": null, "comentario_modificacion": null, "inventario": 8, "tipo": 1, "cantidad": 3}}, {"model": "inventarios.movimiento", "pk": 64, "fields": {"usuario_creacion": ["ale@gmail.com"], "usuario_modificacion": null, "fecha_creacion": "2025-08-29T19:10:35.676", "fecha_modificacion": null, "comentario_modificacion": null, "inventario": 9, "tipo": 1, "cantidad": 3}}, {"model": "inventarios.movimiento", "pk": 65, "fields": {"usuario_creacion": ["ale@gmail.com"], "usuario_modificacion": null, "fecha_creacion": "2025-08-29T19:14:29.047", "fecha_modificacion": null, "comentario_modificacion": null, "inventario": 7, "tipo": 1, "cantidad": 4}}, {"model": "inventarios.movimiento", "pk": 66, "fields": {"usuario_creacion": ["ale@gmail.com"], "usuario_modificacion": null, "fecha_creacion": "2025-08-29T19:14:29.068", "fecha_modificacion": null, "comentario_modificacion": null, "inventario": 8, "tipo": 1, "cantidad": 4}}, {"model": "inventarios.movimiento", "pk": 67, "fields": {"usuario_creacion": ["ale@gmail.com"], "usuario_modificacion": null, "fecha_creacion": "2025-08-29T19:14:29.070", "fecha_modificacion": null, "comentario_modificacion": null, "inventario": 9, "tipo": 1, "cantidad": 4}}, {"model": "inventarios.movimiento", "pk": 68, "fields": {"usuario_creacion": ["ale@gmail.com"], "usuario_modificacion": null, "fecha_creacion": "2025-08-29T19:16:52.528", "fecha_modificacion": null, "comentario_modificacion": null, "inventario": 7, "tipo": 1, "cantidad": 5}}, {"model": "inventarios.movimiento", "pk": 69, "fields": {"usuario_creacion": ["ale@gmail.com"], "usuario_modificacion": null, "fecha_creacion": "2025-08-29T19:16:52.532", "fecha_modificacion": null, "comentario_modificacion": null, "inventario": 8, "tipo": 1, "cantidad": 5}}, {"model": "inventarios.movimiento", "pk": 70, "fields": {"usuario_creacion": ["ale@gmail.com"], "usuario_modificacion": null, "fecha_creacion": "2025-08-29T19:16:52.536", "fecha_modificacion": null, "comentario_modificacion": null, "inventario": 9, "tipo": 1, "cantidad": 5}}, {"model": "inventarios.movimiento", "pk": 71, "fields": {"usuario_creacion": ["ale@gmail.com"], "usuario_modificacion": null, "fecha_creacion": "2025-08-29T19:21:44.492", "fecha_modificacion": null, "comentario_modificacion": null, "inventario": 7, "tipo": 1, "cantidad": 5}}, {"model": "inventarios.movimiento", "pk": 72, "fields": {"usuario_creacion": ["ale@gmail.com"], "usuario_modificacion": null, "fecha_creacion": "2025-08-29T19:21:44.496", "fecha_modificacion": null, "comentario_modificacion": null, "inventario": 8, "tipo": 1, "cantidad": 5}}, {"model": "inventarios.movimiento", "pk": 73, "fields": {"usuario_creacion": ["ale@gmail.com"], "usuario_modificacion": null, "fecha_creacion": "2025-08-29T19:21:44.498", "fecha_modificacion": null, "comentario_modificacion": null, "inventario": 9, "tipo": 1, "cantidad": 5}}, {"model": "inventarios.movimiento", "pk": 74, "fields": {"usuario_creacion": ["ale@gmail.com"], "usuario_modificacion": null, "fecha_creacion": "2025-08-29T19:45:51.777", "fecha_modificacion": null, "comentario_modificacion": null, "inventario": 7, "tipo": 1, "cantidad": 6}}, {"model": "inventarios.movimiento", "pk": 75, "fields": {"usuario_creacion": ["ale@gmail.com"], "usuario_modificacion": null, "fecha_creacion": "2025-08-29T19:45:51.782", "fecha_modificacion": null, "comentario_modificacion": null, "inventario": 8, "tipo": 1, "cantidad": 6}}, {"model": "inventarios.movimiento", "pk": 76, "fields": {"usuario_creacion": ["ale@gmail.com"], "usuario_modificacion": null, "fecha_creacion": "2025-08-29T19:45:51.784", "fecha_modificacion": null, "comentario_modificacion": null, "inventario": 9, "tipo": 1, "cantidad": 6}}, {"model": "inventarios.movimiento", "pk": 77, "fields": {"usuario_creacion": ["ale@gmail.com"], "usuario_modificacion": null, "fecha_creacion": "2025-08-29T19:59:04.022", "fecha_modificacion": null, "comentario_modificacion": null, "inventario": 7, "tipo": 1, "cantidad": 1}}, {"model": "inventarios.movimiento", "pk": 78, "fields": {"usuario_creacion": ["ale@gmail.com"], "usuario_modificacion": null, "fecha_creacion": "2025-08-29T19:59:04.025", "fecha_modificacion": null, "comentario_modificacion": null, "inventario": 8, "tipo": 1, "cantidad": 1}}, {"model": "inventarios.movimiento", "pk": 79, "fields": {"usuario_creacion": ["ale@gmail.com"], "usuario_modificacion": null, "fecha_creacion": "2025-08-29T19:59:04.027", "fecha_modificacion": null, "comentario_modificacion": null, "inventario": 9, "tipo": 1, "cantidad": 1}}, {"model": "inventarios.movimiento", "pk": 80, "fields": {"usuario_creacion": ["ale@gmail.com"], "usuario_modificacion": null, "fecha_creacion": "2025-08-29T20:11:38.323", "fecha_modificacion": null, "comentario_modificacion": null, "inventario": 9, "tipo": 1, "cantidad": 1}}, {"model": "inventarios.movimiento", "pk": 81, "fields": {"usuario_creacion": ["ale@gmail.com"], "usuario_modificacion": null, "fecha_creacion": "2025-08-29T20:20:01.832", "fecha_modificacion": null, "comentario_modificacion": null, "inventario": 7, "tipo": 1, "cantidad": 3}}, {"model": "inventarios.movimiento", "pk": 82, "fields": {"usuario_creacion": ["ale@gmail.com"], "usuario_modificacion": null, "fecha_creacion": "2025-08-29T20:20:01.851", "fecha_modificacion": null, "comentario_modificacion": null, "inventario": 8, "tipo": 1, "cantidad": 3}}, {"model": "inventarios.movimiento", "pk": 83, "fields": {"usuario_creacion": ["ale@gmail.com"], "usuario_modificacion": null, "fecha_creacion": "2025-08-29T20:20:01.853", "fecha_modificacion": null, "comentario_modificacion": null, "inventario": 9, "tipo": 1, "cantidad": 3}}, {"model": "inventarios.movimiento", "pk": 84, "fields": {"usuario_creacion": null, "usuario_modificacion": null, "fecha_creacion": "2025-08-30T19:59:15.925", "fecha_modificacion": null, "comentario_modificacion": null, "inventario": 5, "tipo": 1, "cantidad": 1}}, {"model": "inventarios.movimiento", "pk": 85, "fields": {"usuario_creacion": null, "usuario_modificacion": null, "fecha_creacion": "2025-08-30T19:59:15.928", "fecha_modificacion": null, "comentario_modificacion": null, "inventario": 6, "tipo": 1, "cantidad": 1}}, {"model": "inventarios.movimiento", "pk": 86, "fields": {"usuario_creacion": ["ale@gmail.com"], "usuario_modificacion": null, "fecha_creacion": "2025-08-30T20:04:02.485", "fecha_modificacion": null, "comentario_modificacion": null, "inventario": 7, "tipo": 1, "cantidad": 4}}, {"model": "inventarios.movimiento", "pk": 87, "fields": {"usuario_creacion": ["ale@gmail.com"], "usuario_modificacion": null, "fecha_creacion": "2025-08-30T20:04:02.510", "fecha_modificacion": null, "comentario_modificacion": null, "inventario": 8, "tipo": 1, "cantidad": 4}}, {"model": "inventarios.movimiento", "pk": 88, "fields": {"usuario_creacion": ["ale@gmail.com"], "usuario_modificacion": null, "fecha_creacion": "2025-08-30T20:11:24.903", "fecha_modificacion": null, "comentario_modificacion": null, "inventario": 7, "tipo": 1, "cantidad": 5}}, {"model": "inventarios.movimiento", "pk": 89, "fields": {"usuario_creacion": ["ale@gmail.com"], "usuario_modificacion": null, "fecha_creacion": "2025-08-30T20:11:24.906", "fecha_modificacion": null, "comentario_modificacion": null, "inventario": 8, "tipo": 1, "cantidad": 5}}, {"model": "inventarios.movimiento", "pk": 90, "fields": {"usuario_creacion": ["ale@gmail.com"], "usuario_modificacion": null, "fecha_creacion": "2025-08-30T20:17:00.441", "fecha_modificacion": null, "comentario_modificacion": null, "inventario": 7, "tipo": 1, "cantidad": 6}}, {"model": "inventarios.movimiento", "pk": 91, "fields": {"usuario_creacion": ["ale@gmail.com"], "usuario_modificacion": null, "fecha_creacion": "2025-08-30T20:17:00.459", "fecha_modificacion": null, "comentario_modificacion": null, "inventario": 8, "tipo": 1, "cantidad": 6}}, {"model": "inventarios.movimiento", "pk": 92, "fields": {"usuario_creacion": ["ale@gmail.com"], "usuario_modificacion": null, "fecha_creacion": "2025-08-30T20:19:57.624", "fecha_modificacion": null, "comentario_modificacion": null, "inventario": 7, "tipo": 1, "cantidad": 10}}, {"model": "inventarios.movimiento", "pk": 93, "fields": {"usuario_creacion": ["ale@gmail.com"], "usuario_modificacion": null, "fecha_creacion": "2025-08-30T20:19:57.627", "fecha_modificacion": null, "comentario_modificacion": null, "inventario": 8, "tipo": 1, "cantidad": 10}}, {"model": "inventarios.movimiento", "pk": 94, "fields": {"usuario_creacion": ["ale@gmail.com"], "usuario_modificacion": null, "fecha_creacion": "2025-08-30T20:28:25.789", "fecha_modificacion": null, "comentario_modificacion": null, "inventario": 5, "tipo": 1, "cantidad": 1}}, {"model": "inventarios.movimiento", "pk": 95, "fields": {"usuario_creacion": ["ale@gmail.com"], "usuario_modificacion": null, "fecha_creacion": "2025-08-30T20:34:00.850", "fecha_modificacion": null, "comentario_modificacion": null, "inventario": 5, "tipo": 1, "cantidad": 2}}, {"model": "inventarios.movimiento", "pk": 96, "fields": {"usuario_creacion": ["ale@gmail.com"], "usuario_modificacion": null, "fecha_creacion": "2025-08-30T20:34:00.868", "fecha_modificacion": null, "comentario_modificacion": null, "inventario": 6, "tipo": 1, "cantidad": 4}}, {"model": "inventarios.movimiento", "pk": 97, "fields": {"usuario_creacion": ["ale@gmail.com"], "usuario_modificacion": null, "fecha_creacion": "2025-08-30T20:34:00.870", "fecha_modificacion": null, "comentario_modificacion": null, "inventario": 10, "tipo": 1, "cantidad": 6}}, {"model": "inventarios.movimiento", "pk": 98, "fields": {"usuario_creacion": ["ale@gmail.com"], "usuario_modificacion": null, "fecha_creacion": "2025-08-30T21:26:30.505", "fecha_modificacion": null, "comentario_modificacion": null, "inventario": 9, "tipo": 1, "cantidad": 4}}, {"model": "inventarios.movimiento", "pk": 99, "fields": {"usuario_creacion": ["ale@gmail.com"], "usuario_modificacion": null, "fecha_creacion": "2025-08-30T21:26:30.526", "fecha_modificacion": null, "comentario_modificacion": null, "inventario": 8, "tipo": 1, "cantidad": 2}}, {"model": "inventarios.movimiento", "pk": 100, "fields": {"usuario_creacion": ["ale@gmail.com"], "usuario_modificacion": null, "fecha_creacion": "2025-08-30T21:26:30.530", "fecha_modificacion": null, "comentario_modificacion": null, "inventario": 10, "tipo": 1, "cantidad": 1}}, {"model": "inventarios.movimiento", "pk": 101, "fields": {"usuario_creacion": ["ale@gmail.com"], "usuario_modificacion": null, "fecha_creacion": "2025-08-30T23:29:07.927", "fecha_modificacion": null, "comentario_modificacion": null, "inventario": 5, "tipo": 1, "cantidad": 1}}, {"model": "inventarios.movimiento", "pk": 102, "fields": {"usuario_creacion": ["ale@gmail.com"], "usuario_modificacion": null, "fecha_creacion": "2025-08-30T23:29:07.930", "fecha_modificacion": null, "comentario_modificacion": null, "inventario": 8, "tipo": 1, "cantidad": 2}}, {"model": "inventarios.movimiento", "pk": 103, "fields": {"usuario_creacion": ["ale@gmail.com"], "usuario_modificacion": null, "fecha_creacion": "2025-08-30T23:29:07.932", "fecha_modificacion": null, "comentario_modificacion": null, "inventario": 7, "tipo": 1, "cantidad": 1}}, {"model": "inventarios.movimiento", "pk": 104, "fields": {"usuario_creacion": ["ale@gmail.com"], "usuario_modificacion": null, "fecha_creacion": "2025-08-30T23:34:16.136", "fecha_modificacion": null, "comentario_modificacion": null, "inventario": 7, "tipo": 1, "cantidad": 1}}, {"model": "inventarios.movimiento", "pk": 105, "fields": {"usuario_creacion": ["ale@gmail.com"], "usuario_modificacion": null, "fecha_creacion": "2025-08-30T23:34:16.139", "fecha_modificacion": null, "comentario_modificacion": null, "inventario": 8, "tipo": 1, "cantidad": 1}}, {"model": "inventarios.movimiento", "pk": 106, "fields": {"usuario_creacion": ["ale@gmail.com"], "usuario_modificacion": null, "fecha_creacion": "2025-08-30T23:34:16.141", "fecha_modificacion": null, "comentario_modificacion": null, "inventario": 10, "tipo": 1, "cantidad": 1}}, {"model": "inventarios.movimiento", "pk": 107, "fields": {"usuario_creacion": ["ale@gmail.com"], "usuario_modificacion": null, "fecha_creacion": "2025-08-31T00:01:42.458", "fecha_modificacion": null, "comentario_modificacion": null, "inventario": 7, "tipo": 1, "cantidad": 19}}, {"model": "inventarios.movimiento", "pk": 108, "fields": {"usuario_creacion": ["ale@gmail.com"], "usuario_modificacion": null, "fecha_creacion": "2025-08-31T00:01:42.461", "fecha_modificacion": null, "comentario_modificacion": null, "inventario": 8, "tipo": 1, "cantidad": 14}}, {"model": "inventarios.movimiento", "pk": 109, "fields": {"usuario_creacion": ["ale@gmail.com"], "usuario_modificacion": null, "fecha_creacion": "2025-08-31T00:01:42.463", "fecha_modificacion": null, "comentario_modificacion": null, "inventario": 10, "tipo": 1, "cantidad": 15}}, {"model": "inventarios.movimiento", "pk": 110, "fields": {"usuario_creacion": ["ale@gmail.com"], "usuario_modificacion": null, "fecha_creacion": "2025-08-31T00:06:03.633", "fecha_modificacion": null, "comentario_modificacion": null, "inventario": 5, "tipo": 1, "cantidad": 5}}, {"model": "inventarios.movimiento", "pk": 111, "fields": {"usuario_creacion": ["ale@gmail.com"], "usuario_modificacion": null, "fecha_creacion": "2025-08-31T00:06:03.636", "fecha_modificacion": null, "comentario_modificacion": null, "inventario": 6, "tipo": 1, "cantidad": 5}}, {"model": "inventarios.movimiento", "pk": 112, "fields": {"usuario_creacion": ["ale@gmail.com"], "usuario_modificacion": null, "fecha_creacion": "2025-08-31T00:06:03.638", "fecha_modificacion": null, "comentario_modificacion": null, "inventario": 7, "tipo": 1, "cantidad": 2}}, {"model": "inventarios.movimiento", "pk": 113, "fields": {"usuario_creacion": ["ale@gmail.com"], "usuario_modificacion": null, "fecha_creacion": "2025-08-31T00:06:03.640", "fecha_modificacion": null, "comentario_modificacion": null, "inventario": 8, "tipo": 1, "cantidad": 4}}, {"model": "inventarios.movimiento", "pk": 115, "fields": {"usuario_creacion": ["ale@gmail.com"], "usuario_modificacion": null, "fecha_creacion": "2025-08-31T00:10:48.763", "fecha_modificacion": null, "comentario_modificacion": null, "inventario": 5, "tipo": 1, "cantidad": 6}}, {"model": "inventarios.movimiento", "pk": 116, "fields": {"usuario_creacion": ["ale@gmail.com"], "usuario_modificacion": null, "fecha_creacion": "2025-08-31T00:10:48.766", "fecha_modificacion": null, "comentario_modificacion": null, "inventario": 7, "tipo": 1, "cantidad": 14}}, {"model": "inventarios.movimiento", "pk": 117, "fields": {"usuario_creacion": ["ale@gmail.com"], "usuario_modificacion": null, "fecha_creacion": "2025-08-31T00:10:48.769", "fecha_modificacion": null, "comentario_modificacion": null, "inventario": 8, "tipo": 1, "cantidad": 5}}, {"model": "inventarios.movimiento", "pk": 118, "fields": {"usuario_creacion": ["ale@gmail.com"], "usuario_modificacion": null, "fecha_creacion": "2025-08-31T00:18:56.521", "fecha_modificacion": null, "comentario_modificacion": null, "inventario": 5, "tipo": 1, "cantidad": 11}}, {"model": "inventarios.movimiento", "pk": 119, "fields": {"usuario_creacion": ["ale@gmail.com"], "usuario_modificacion": null, "fecha_creacion": "2025-08-31T00:18:56.524", "fecha_modificacion": null, "comentario_modificacion": null, "inventario": 7, "tipo": 1, "cantidad": 8}}, {"model": "inventarios.movimiento", "pk": 121, "fields": {"usuario_creacion": ["ale@gmail.com"], "usuario_modificacion": null, "fecha_creacion": "2025-08-31T00:20:54.631", "fecha_modificacion": null, "comentario_modificacion": null, "inventario": 8, "tipo": 1, "cantidad": 1}}, {"model": "inventarios.movimiento", "pk": 122, "fields": {"usuario_creacion": ["ale@gmail.com"], "usuario_modificacion": null, "fecha_creacion": "2025-08-31T00:20:54.633", "fecha_modificacion": null, "comentario_modificacion": null, "inventario": 7, "tipo": 1, "cantidad": 1}}, {"model": "inventarios.movimiento", "pk": 123, "fields": {"usuario_creacion": ["ale@gmail.com"], "usuario_modificacion": null, "fecha_creacion": "2025-08-31T00:23:07.436", "fecha_modificacion": null, "comentario_modificacion": null, "inventario": 8, "tipo": 1, "cantidad": 2}}, {"model": "inventarios.movimiento", "pk": 124, "fields": {"usuario_creacion": ["ale@gmail.com"], "usuario_modificacion": null, "fecha_creacion": "2025-08-31T00:23:07.439", "fecha_modificacion": null, "comentario_modificacion": null, "inventario": 7, "tipo": 1, "cantidad": 1}}, {"model": "inventarios.movimiento", "pk": 125, "fields": {"usuario_creacion": ["ale@gmail.com"], "usuario_modificacion": null, "fecha_creacion": "2025-08-31T00:24:57.265", "fecha_modificacion": null, "comentario_modificacion": null, "inventario": 8, "tipo": 1, "cantidad": 1}}, {"model": "inventarios.movimiento", "pk": 126, "fields": {"usuario_creacion": ["ale@gmail.com"], "usuario_modificacion": null, "fecha_creacion": "2025-08-31T00:24:57.269", "fecha_modificacion": null, "comentario_modificacion": null, "inventario": 7, "tipo": 1, "cantidad": 1}}, {"model": "inventarios.movimiento", "pk": 127, "fields": {"usuario_creacion": ["ale@gmail.com"], "usuario_modificacion": null, "fecha_creacion": "2025-08-31T00:24:57.271", "fecha_modificacion": null, "comentario_modificacion": null, "inventario": 5, "tipo": 1, "cantidad": 1}}, {"model": "inventarios.movimiento", "pk": 128, "fields": {"usuario_creacion": ["ale@gmail.com"], "usuario_modificacion": null, "fecha_creacion": "2025-08-31T00:29:39.800", "fecha_modificacion": null, "comentario_modificacion": null, "inventario": 5, "tipo": 1, "cantidad": 1}}, {"model": "inventarios.movimiento", "pk": 129, "fields": {"usuario_creacion": ["ale@gmail.com"], "usuario_modificacion": null, "fecha_creacion": "2025-08-31T00:29:39.802", "fecha_modificacion": null, "comentario_modificacion": null, "inventario": 7, "tipo": 1, "cantidad": 1}}, {"model": "inventarios.movimiento", "pk": 130, "fields": {"usuario_creacion": ["ale@gmail.com"], "usuario_modificacion": null, "fecha_creacion": "2025-08-31T00:29:39.804", "fecha_modificacion": null, "comentario_modificacion": null, "inventario": 8, "tipo": 1, "cantidad": 1}}, {"model": "inventarios.movimiento", "pk": 131, "fields": {"usuario_creacion": ["ale@gmail.com"], "usuario_modificacion": null, "fecha_creacion": "2025-08-31T00:29:39.806", "fecha_modificacion": null, "comentario_modificacion": null, "inventario": 10, "tipo": 1, "cantidad": 1}}, {"model": "inventarios.movimiento", "pk": 132, "fields": {"usuario_creacion": ["ale@gmail.com"], "usuario_modificacion": null, "fecha_creacion": "2025-08-31T00:32:56.088", "fecha_modificacion": null, "comentario_modificacion": null, "inventario": 10, "tipo": 1, "cantidad": 1}}, {"model": "inventarios.movimiento", "pk": 133, "fields": {"usuario_creacion": ["ale@gmail.com"], "usuario_modificacion": null, "fecha_creacion": "2025-08-31T00:32:56.091", "fecha_modificacion": null, "comentario_modificacion": null, "inventario": 8, "tipo": 1, "cantidad": 1}}, {"model": "inventarios.movimiento", "pk": 134, "fields": {"usuario_creacion": ["ale@gmail.com"], "usuario_modificacion": null, "fecha_creacion": "2025-08-31T00:32:56.093", "fecha_modificacion": null, "comentario_modificacion": null, "inventario": 7, "tipo": 1, "cantidad": 1}}, {"model": "inventarios.movimiento", "pk": 135, "fields": {"usuario_creacion": ["ale@gmail.com"], "usuario_modificacion": null, "fecha_creacion": "2025-08-31T00:38:13.997", "fecha_modificacion": null, "comentario_modificacion": null, "inventario": 5, "tipo": 1, "cantidad": 3}}, {"model": "inventarios.movimiento", "pk": 136, "fields": {"usuario_creacion": ["ale@gmail.com"], "usuario_modificacion": null, "fecha_creacion": "2025-08-31T00:38:13.999", "fecha_modificacion": null, "comentario_modificacion": null, "inventario": 10, "tipo": 1, "cantidad": 3}}, {"model": "inventarios.movimiento", "pk": 138, "fields": {"usuario_creacion": ["ale@gmail.com"], "usuario_modificacion": null, "fecha_creacion": "2025-08-31T00:45:33.798", "fecha_modificacion": null, "comentario_modificacion": null, "inventario": 7, "tipo": 1, "cantidad": 4}}, {"model": "inventarios.movimiento", "pk": 139, "fields": {"usuario_creacion": ["ale@gmail.com"], "usuario_modificacion": null, "fecha_creacion": "2025-08-31T00:45:33.801", "fecha_modificacion": null, "comentario_modificacion": null, "inventario": 8, "tipo": 1, "cantidad": 4}}, {"model": "inventarios.movimiento", "pk": 140, "fields": {"usuario_creacion": ["ale@gmail.com"], "usuario_modificacion": null, "fecha_creacion": "2025-08-31T00:47:48.269", "fecha_modificacion": null, "comentario_modificacion": null, "inventario": 7, "tipo": 1, "cantidad": 4}}, {"model": "inventarios.movimiento", "pk": 141, "fields": {"usuario_creacion": ["ale@gmail.com"], "usuario_modificacion": null, "fecha_creacion": "2025-08-31T00:47:48.272", "fecha_modificacion": null, "comentario_modificacion": null, "inventario": 8, "tipo": 1, "cantidad": 4}}, {"model": "inventarios.movimiento", "pk": 142, "fields": {"usuario_creacion": ["ale@gmail.com"], "usuario_modificacion": null, "fecha_creacion": "2025-08-31T00:47:48.274", "fecha_modificacion": null, "comentario_modificacion": null, "inventario": 10, "tipo": 1, "cantidad": 6}}, {"model": "inventarios.movimiento", "pk": 144, "fields": {"usuario_creacion": ["ale@gmail.com"], "usuario_modificacion": null, "fecha_creacion": "2025-08-31T00:52:20.520", "fecha_modificacion": null, "comentario_modificacion": null, "inventario": 7, "tipo": 1, "cantidad": 3}}, {"model": "inventarios.movimiento", "pk": 145, "fields": {"usuario_creacion": ["ale@gmail.com"], "usuario_modificacion": null, "fecha_creacion": "2025-08-31T00:52:20.523", "fecha_modificacion": null, "comentario_modificacion": null, "inventario": 8, "tipo": 1, "cantidad": 5}}, {"model": "inventarios.movimiento", "pk": 146, "fields": {"usuario_creacion": ["ale@gmail.com"], "usuario_modificacion": null, "fecha_creacion": "2025-08-31T00:52:20.525", "fecha_modificacion": null, "comentario_modificacion": null, "inventario": 10, "tipo": 1, "cantidad": 5}}, {"model": "inventarios.movimiento", "pk": 147, "fields": {"usuario_creacion": ["ale@gmail.com"], "usuario_modificacion": null, "fecha_creacion": "2025-08-31T00:58:27.744", "fecha_modificacion": null, "comentario_modificacion": null, "inventario": 10, "tipo": 1, "cantidad": 8}}, {"model": "inventarios.movimiento", "pk": 148, "fields": {"usuario_creacion": ["ale@gmail.com"], "usuario_modificacion": null, "fecha_creacion": "2025-08-31T00:58:27.747", "fecha_modificacion": null, "comentario_modificacion": null, "inventario": 7, "tipo": 1, "cantidad": 15}}, {"model": "inventarios.movimiento", "pk": 149, "fields": {"usuario_creacion": ["ale@gmail.com"], "usuario_modificacion": null, "fecha_creacion": "2025-08-31T00:58:27.750", "fecha_modificacion": null, "comentario_modificacion": null, "inventario": 8, "tipo": 1, "cantidad": 10}}, {"model": "inventarios.movimiento", "pk": 150, "fields": {"usuario_creacion": ["ale@gmail.com"], "usuario_modificacion": null, "fecha_creacion": "2025-08-31T01:04:15.288", "fecha_modificacion": null, "comentario_modificacion": null, "inventario": 7, "tipo": 1, "cantidad": 4}}, {"model": "inventarios.movimiento", "pk": 151, "fields": {"usuario_creacion": ["ale@gmail.com"], "usuario_modificacion": null, "fecha_creacion": "2025-08-31T01:04:15.290", "fecha_modificacion": null, "comentario_modificacion": null, "inventario": 8, "tipo": 1, "cantidad": 5}}, {"model": "inventarios.movimiento", "pk": 152, "fields": {"usuario_creacion": ["ale@gmail.com"], "usuario_modificacion": null, "fecha_creacion": "2025-08-31T01:04:15.293", "fecha_modificacion": null, "comentario_modificacion": null, "inventario": 10, "tipo": 1, "cantidad": 6}}, {"model": "inventarios.movimiento", "pk": 153, "fields": {"usuario_creacion": ["ale@gmail.com"], "usuario_modificacion": null, "fecha_creacion": "2025-08-31T01:06:26.423", "fecha_modificacion": null, "comentario_modificacion": null, "inventario": 7, "tipo": 1, "cantidad": 3}}, {"model": "inventarios.movimiento", "pk": 154, "fields": {"usuario_creacion": ["ale@gmail.com"], "usuario_modificacion": null, "fecha_creacion": "2025-08-31T01:10:05.629", "fecha_modificacion": null, "comentario_modificacion": null, "inventario": 5, "tipo": 1, "cantidad": 5}}, {"model": "inventarios.movimiento", "pk": 155, "fields": {"usuario_creacion": ["ale@gmail.com"], "usuario_modificacion": null, "fecha_creacion": "2025-08-31T01:10:47.351", "fecha_modificacion": null, "comentario_modificacion": null, "inventario": 7, "tipo": 1, "cantidad": 1}}, {"model": "inventarios.movimiento", "pk": 156, "fields": {"usuario_creacion": ["ale@gmail.com"], "usuario_modificacion": null, "fecha_creacion": "2025-08-31T01:10:47.354", "fecha_modificacion": null, "comentario_modificacion": null, "inventario": 8, "tipo": 1, "cantidad": 1}}, {"model": "inventarios.movimiento", "pk": 157, "fields": {"usuario_creacion": ["ale@gmail.com"], "usuario_modificacion": null, "fecha_creacion": "2025-08-31T01:11:56.221", "fecha_modificacion": null, "comentario_modificacion": null, "inventario": 8, "tipo": 1, "cantidad": 1}}, {"model": "inventarios.movimiento", "pk": 158, "fields": {"usuario_creacion": ["ale@gmail.com"], "usuario_modificacion": null, "fecha_creacion": "2025-08-31T01:14:11.559", "fecha_modificacion": null, "comentario_modificacion": null, "inventario": 5, "tipo": 1, "cantidad": 1}}, {"model": "inventarios.movimiento", "pk": 159, "fields": {"usuario_creacion": ["ale@gmail.com"], "usuario_modificacion": null, "fecha_creacion": "2025-08-31T01:37:04.013", "fecha_modificacion": null, "comentario_modificacion": null, "inventario": 9, "tipo": 1, "cantidad": 5}}, {"model": "inventarios.movimiento", "pk": 161, "fields": {"usuario_creacion": ["ale@gmail.com"], "usuario_modificacion": null, "fecha_creacion": "2025-08-31T01:37:04.017", "fecha_modificacion": null, "comentario_modificacion": null, "inventario": 10, "tipo": 1, "cantidad": 9}}, {"model": "inventarios.movimiento", "pk": 162, "fields": {"usuario_creacion": ["ale@gmail.com"], "usuario_modificacion": null, "fecha_creacion": "2025-08-31T01:37:04.019", "fecha_modificacion": null, "comentario_modificacion": null, "inventario": 6, "tipo": 1, "cantidad": 14}}, {"model": "inventarios.movimiento", "pk": 163, "fields": {"usuario_creacion": ["ale@gmail.com"], "usuario_modificacion": null, "fecha_creacion": "2025-08-31T01:37:04.021", "fecha_modificacion": null, "comentario_modificacion": null, "inventario": 7, "tipo": 1, "cantidad": 6}}, {"model": "inventarios.movimiento", "pk": 164, "fields": {"usuario_creacion": ["ale@gmail.com"], "usuario_modificacion": null, "fecha_creacion": "2025-08-31T15:35:14.122", "fecha_modificacion": null, "comentario_modificacion": null, "inventario": 9, "tipo": 1, "cantidad": 4}}, {"model": "inventarios.movimiento", "pk": 165, "fields": {"usuario_creacion": ["ale@gmail.com"], "usuario_modificacion": null, "fecha_creacion": "2025-08-31T15:35:14.125", "fecha_modificacion": null, "comentario_modificacion": null, "inventario": 10, "tipo": 1, "cantidad": 1}}, {"model": "inventarios.movimiento", "pk": 166, "fields": {"usuario_creacion": ["ale@gmail.com"], "usuario_modificacion": null, "fecha_creacion": "2025-08-31T16:00:47.721", "fecha_modificacion": null, "comentario_modificacion": null, "inventario": 10, "tipo": 1, "cantidad": 1}}, {"model": "inventarios.movimiento", "pk": 167, "fields": {"usuario_creacion": ["wil.fabri777@gmail.com"], "usuario_modificacion": null, "fecha_creacion": "2025-08-31T20:06:51.690", "fecha_modificacion": null, "comentario_modificacion": null, "inventario": 5, "tipo": 1, "cantidad": 3}}, {"model": "inventarios.movimiento", "pk": 168, "fields": {"usuario_creacion": ["wil.fabri777@gmail.com"], "usuario_modificacion": null, "fecha_creacion": "2025-08-31T20:06:51.694", "fecha_modificacion": null, "comentario_modificacion": null, "inventario": 6, "tipo": 1, "cantidad": 2}}, {"model": "inventarios.movimiento", "pk": 169, "fields": {"usuario_creacion": ["ale@gmail.com"], "usuario_modificacion": null, "fecha_creacion": "2025-08-31T20:18:42.330", "fecha_modificacion": null, "comentario_modificacion": null, "inventario": 6, "tipo": 1, "cantidad": 1}}, {"model": "inventarios.movimiento", "pk": 170, "fields": {"usuario_creacion": ["ale@gmail.com"], "usuario_modificacion": null, "fecha_creacion": "2025-08-31T20:18:42.333", "fecha_modificacion": null, "comentario_modificacion": null, "inventario": 5, "tipo": 1, "cantidad": 1}}, {"model": "inventarios.movimiento", "pk": 171, "fields": {"usuario_creacion": ["ale@gmail.com"], "usuario_modificacion": null, "fecha_creacion": "2025-08-31T20:18:42.335", "fecha_modificacion": null, "comentario_modificacion": null, "inventario": 10, "tipo": 1, "cantidad": 2}}, {"model": "inventarios.movimiento", "pk": 181, "fields": {"usuario_creacion": ["ale@gmail.com"], "usuario_modificacion": null, "fecha_creacion": "2025-09-09T17:52:01.349", "fecha_modificacion": null, "comentario_modificacion": null, "inventario": 10, "tipo": 2, "cantidad": 9}}, {"model": "inventarios.movimiento", "pk": 182, "fields": {"usuario_creacion": ["ale@gmail.com"], "usuario_modificacion": null, "fecha_creacion": "2025-09-09T17:52:01.351", "fecha_modificacion": null, "comentario_modificacion": null, "inventario": 7, "tipo": 2, "cantidad": 8}}, {"model": "inventarios.movimiento", "pk": 183, "fields": {"usuario_creacion": ["ale@gmail.com"], "usuario_modificacion": null, "fecha_creacion": "2025-09-09T17:52:01.353", "fecha_modificacion": null, "comentario_modificacion": null, "inventario": 8, "tipo": 2, "cantidad": 7}}, {"model": "inventarios.movimiento", "pk": 184, "fields": {"usuario_creacion": ["ale@gmail.com"], "usuario_modificacion": null, "fecha_creacion": "2025-09-09T17:52:01.355", "fecha_modificacion": null, "comentario_modificacion": null, "inventario": 11, "tipo": 2, "cantidad": 6}}, {"model": "inventarios.movimiento", "pk": 185, "fields": {"usuario_creacion": ["ale@gmail.com"], "usuario_modificacion": null, "fecha_creacion": "2025-09-09T19:12:24.954", "fecha_modificacion": null, "comentario_modificacion": null, "inventario": 10, "tipo": 2, "cantidad": 7}}, {"model": "inventarios.movimiento", "pk": 186, "fields": {"usuario_creacion": ["ale@gmail.com"], "usuario_modificacion": null, "fecha_creacion": "2025-09-09T19:12:24.956", "fecha_modificacion": null, "comentario_modificacion": null, "inventario": 11, "tipo": 2, "cantidad": 20}}, {"model": "inventarios.movimiento", "pk": 187, "fields": {"usuario_creacion": ["ale@gmail.com"], "usuario_modificacion": null, "fecha_creacion": "2025-09-09T19:12:24.959", "fecha_modificacion": null, "comentario_modificacion": null, "inventario": 7, "tipo": 2, "cantidad": 6}}, {"model": "inventarios.movimiento", "pk": 188, "fields": {"usuario_creacion": ["ale@gmail.com"], "usuario_modificacion": null, "fecha_creacion": "2025-09-09T19:12:24.961", "fecha_modificacion": null, "comentario_modificacion": null, "inventario": 8, "tipo": 2, "cantidad": 6}}, {"model": "inventarios.movimiento", "pk": 189, "fields": {"usuario_creacion": ["ale@gmail.com"], "usuario_modificacion": null, "fecha_creacion": "2025-10-02T22:44:51.524", "fecha_modificacion": null, "comentario_modificacion": null, "inventario": 12, "tipo": 1, "cantidad": 3}}, {"model": "inventarios.movimiento", "pk": 190, "fields": {"usuario_creacion": ["ale@gmail.com"], "usuario_modificacion": null, "fecha_creacion": "2025-10-02T22:45:24.876", "fecha_modificacion": null, "comentario_modificacion": null, "inventario": 11, "tipo": 1, "cantidad": 4}}, {"model": "inventarios.movimiento", "pk": 191, "fields": {"usuario_creacion": ["ale@gmail.com"], "usuario_modificacion": null, "fecha_creacion": "2025-10-02T22:45:34.069", "fecha_modificacion": null, "comentario_modificacion": null, "inventario": 10, "tipo": 1, "cantidad": 4}}, {"model": "inventarios.movimiento", "pk": 192, "fields": {"usuario_creacion": ["ale@gmail.com"], "usuario_modificacion": null, "fecha_creacion": "2025-10-02T23:21:58.953", "fecha_modificacion": null, "comentario_modificacion": null, "inventario": 13, "tipo": 1, "cantidad": 4}}, {"model": "inventarios.movimiento", "pk": 193, "fields": {"usuario_creacion": ["ale@gmail.com"], "usuario_modificacion": null, "fecha_creacion": "2025-10-02T23:22:06.166", "fecha_modificacion": null, "comentario_modificacion": null, "inventario": 15, "tipo": 1, "cantidad": 4}}, {"model": "inventarios.movimiento", "pk": 194, "fields": {"usuario_creacion": ["ale@gmail.com"], "usuario_modificacion": null, "fecha_creacion": "2025-10-02T23:23:16.951", "fecha_modificacion": null, "comentario_modificacion": null, "inventario": 14, "tipo": 1, "cantidad": 4}}, {"model": "inventarios.movimiento", "pk": 195, "fields": {"usuario_creacion": ["ale@gmail.com"], "usuario_modificacion": null, "fecha_creacion": "2025-10-03T00:47:32.420", "fecha_modificacion": null, "comentario_modificacion": null, "inventario": 16, "tipo": 1, "cantidad": 4}}, {"model": "inventarios.movimiento", "pk": 196, "fields": {"usuario_creacion": ["ale@gmail.com"], "usuario_modificacion": null, "fecha_creacion": "2025-10-03T00:47:45.245", "fecha_modificacion": null, "comentario_modificacion": null, "inventario": 17, "tipo": 1, "cantidad": 4}}, {"model": "inventarios.movimiento", "pk": 197, "fields": {"usuario_creacion": ["ale@gmail.com"], "usuario_modificacion": null, "fecha_creacion": "2025-10-03T00:48:12.583", "fecha_modificacion": null, "comentario_modificacion": null, "inventario": 6, "tipo": 1, "cantidad": 4}}, {"model": "inventarios.movimiento", "pk": 198, "fields": {"usuario_creacion": ["isaFabi@gmail.com"], "usuario_modificacion": null, "fecha_creacion": "2025-10-03T20:50:12.477", "fecha_modificacion": null, "comentario_modificacion": null, "inventario": 5, "tipo": 2, "cantidad": 22}}, {"model": "inventarios.movimiento", "pk": 199, "fields": {"usuario_creacion": ["mike@gmail.com"], "usuario_modificacion": null, "fecha_creacion": "2025-10-04T00:21:41.007", "fecha_modificacion": null, "comentario_modificacion": null, "inventario": 17, "tipo": 2, "cantidad": 2}}, {"model": "inventarios.inventario", "pk": 5, "fields": {"usuario_creacion": ["ale@gmail.com"], "usuario_modificacion": ["ale@gmail.com"], "fecha_creacion": "2025-08-11T17:30:01.794", "fecha_modificacion": null, "comentario_modificacion": "", "producto": 14, "almacen": 2, "cantidad": "3027.000", "stock_minimo": "5.000", "stock_maximo": "25.000", "estado": true}}, {"model": "inventarios.inventario", "pk": 6, "fields": {"usuario_creacion": ["ale@gmail.com"], "usuario_modificacion": ["ale@gmail.com"], "fecha_creacion": "2025-08-11T17:31:09.701", "fecha_modificacion": null, "comentario_modificacion": "", "producto": 15, "almacen": 2, "cantidad": "2965.000", "stock_minimo": "10.000", "stock_maximo": "30.000", "estado": true}}, {"model": "inventarios.inventario", "pk": 7, "fields": {"usuario_creacion": ["ale@gmail.com"], "usuario_modificacion": ["ale@gmail.com"], "fecha_creacion": "2025-08-11T20:30:04.957", "fecha_modificacion": null, "comentario_modificacion": "", "producto": 19, "almacen": 1, "cantidad": "2910.000", "stock_minimo": "2.000", "stock_maximo": "15.000", "estado": true}}, {"model": "inventarios.inventario", "pk": 8, "fields": {"usuario_creacion": ["ale@gmail.com"], "usuario_modificacion": ["ale@gmail.com"], "fecha_creacion": "2025-08-11T23:57:23.822", "fecha_modificacion": null, "comentario_modificacion": "", "producto": 18, "almacen": 1, "cantidad": "2908.000", "stock_minimo": "2.000", "stock_maximo": "15.000", "estado": true}}, {"model": "inventarios.inventario", "pk": 9, "fields": {"usuario_creacion": ["ale@gmail.com"], "usuario_modificacion": ["ale@gmail.com"], "fecha_creacion": "2025-08-15T18:09:37.902", "fecha_modificacion": null, "comentario_modificacion": "", "producto": 14, "almacen": 1, "cantidad": "2980.000", "stock_minimo": "15.000", "stock_maximo": "40.000", "estado": true}}, {"model": "inventarios.inventario", "pk": 10, "fields": {"usuario_creacion": ["ale@gmail.com"], "usuario_modificacion": ["ale@gmail.com"], "fecha_creacion": "2025-08-30T20:31:54.149", "fecha_modificacion": null, "comentario_modificacion": "", "producto": 17, "almacen": 1, "cantidad": "3000.000", "stock_minimo": "50.000", "stock_maximo": "110.000", "estado": true}}, {"model": "inventarios.inventario", "pk": 11, "fields": {"usuario_creacion": ["ale@gmail.com"], "usuario_modificacion": null, "fecha_creacion": "2025-08-31T18:09:47.277", "fecha_modificacion": null, "comentario_modificacion": "", "producto": 20, "almacen": 1, "cantidad": "3044.000", "stock_minimo": "10.000", "stock_maximo": "20.000", "estado": true}}, {"model": "inventarios.inventario", "pk": 12, "fields": {"usuario_creacion": ["ale@gmail.com"], "usuario_modificacion": null, "fecha_creacion": "2025-10-02T19:25:19.668", "fecha_modificacion": null, "comentario_modificacion": "", "producto": 21, "almacen": 1, "cantidad": "94.000", "stock_minimo": "50.000", "stock_maximo": "110.000", "estado": true}}, {"model": "inventarios.inventario", "pk": 13, "fields": {"usuario_creacion": ["ale@gmail.com"], "usuario_modificacion": null, "fecha_creacion": "2025-10-02T19:25:43.908", "fecha_modificacion": null, "comentario_modificacion": "", "producto": 16, "almacen": 1, "cantidad": "42.000", "stock_minimo": "60.000", "stock_maximo": "30.000", "estado": true}}, {"model": "inventarios.inventario", "pk": 14, "fields": {"usuario_creacion": ["ale@gmail.com"], "usuario_modificacion": null, "fecha_creacion": "2025-10-02T22:46:27.569", "fecha_modificacion": null, "comentario_modificacion": "", "producto": 22, "almacen": 1, "cantidad": "-3.470", "stock_minimo": "1.000", "stock_maximo": "5.000", "estado": true}}, {"model": "inventarios.inventario", "pk": 15, "fields": {"usuario_creacion": ["ale@gmail.com"], "usuario_modificacion": null, "fecha_creacion": "2025-10-02T23:05:38.372", "fecha_modificacion": null, "comentario_modificacion": "", "producto": 23, "almacen": 1, "cantidad": "17.000", "stock_minimo": "5.000", "stock_maximo": "30.000", "estado": true}}, {"model": "inventarios.inventario", "pk": 16, "fields": {"usuario_creacion": ["ale@gmail.com"], "usuario_modificacion": null, "fecha_creacion": "2025-10-02T23:24:29.772", "fecha_modificacion": null, "comentario_modificacion": "", "producto": 25, "almacen": 1, "cantidad": "142.000", "stock_minimo": "25.000", "stock_maximo": "200.000", "estado": true}}, {"model": "inventarios.inventario", "pk": 17, "fields": {"usuario_creacion": ["ale@gmail.com"], "usuario_modificacion": null, "fecha_creacion": "2025-10-02T23:24:59.433", "fecha_modificacion": null, "comentario_modificacion": "", "producto": 24, "almacen": 1, "cantidad": "16.000", "stock_minimo": "5.000", "stock_maximo": "25.000", "estado": true}}, {"model": "inventarios.inventario", "pk": 18, "fields": {"usuario_creacion": ["ale@gmail.com"], "usuario_modificacion": null, "fecha_creacion": "2025-10-02T23:35:33.830", "fecha_modificacion": null, "comentario_modificacion": "", "producto": 15, "almacen": 1, "cantidad": "25.000", "stock_minimo": "10.000", "stock_maximo": "30.000", "estado": true}}, {"model": "inventarios.almacen", "pk": 1, "fields": {"usuario_creacion": ["ale@gmail.com"], "usuario_modificacion": ["ale@gmail.com"], "fecha_creacion": "2025-08-05T21:32:47.403", "fecha_modificacion": "2025-08-05T21:32:47.403", "comentario_modificacion": "tienda principal", "nombre": "Tienda 1", "direccion": "Av. Libertad, No. 45, Ciudad B", "telefono": "68445637", "es_principal": true, "estado": true}}, {"model": "inventarios.almacen", "pk": 2, "fields": {"usuario_creacion": ["ale@gmail.com"], "usuario_modificacion": ["ale@gmail.com"], "fecha_creacion": "2025-08-08T09:46:24.690", "fecha_modificacion": "2025-08-08T09:48:20.021", "comentario_modificacion": null, "nombre": "Tienda 2", "direccion": "Av. Central 123, Ciudad A", "telefono": "5551234", "es_principal": false, "estado": true}}, {"model": "inventarios.almacen", "pk": 3, "fields": {"usuario_creacion": ["ale@gmail.com"], "usuario_modificacion": null, "fecha_creacion": "2025-08-10T23:20:53.702", "fecha_modificacion": null, "comentario_modificacion": null, "nombre": "Almacen 1", "direccion": "Calle de la Amistad, No. 12, Ciudad B", "telefono": "65898752", "es_principal": false, "estado": true}}, {"model": "inventarios.almacen", "pk": 4, "fields": {"usuario_creacion": ["ale@gmail.com"], "usuario_modificacion": null, "fecha_creacion": "2025-08-10T23:21:31.015", "fecha_modificacion": null, "comentario_modificacion": null, "nombre": "AlmacÚn 2", "direccion": "Calle 10, No. 25, Ciudad A", "telefono": "76856745", "es_principal": false, "estado": true}}, {"model": "inventarios.almacen", "pk": 5, "fields": {"usuario_creacion": ["ale@gmail.com"], "usuario_modificacion": null, "fecha_creacion": "2025-08-13T23:13:11.982", "fecha_modificacion": null, "comentario_modificacion": null, "nombre": "AlmacÚn 3", "direccion": "Av. Libertador 1234, Ciudad Central", "telefono": "78595864", "es_principal": false, "estado": true}}, {"model": "inventarios.almacen", "pk": 7, "fields": {"usuario_creacion": ["ale@gmail.com"], "usuario_modificacion": null, "fecha_creacion": "2025-09-11T17:52:36.785", "fecha_modificacion": null, "comentario_modificacion": null, "nombre": "AlmacÚn 4", "direccion": "Calle Falsa 456, Ciudad B", "telefono": "76547567", "es_principal": false, "estado": true}}, {"model": "productos.producto", "pk": 14, "fields": {"usuario_creacion": ["ale@gmail.com"], "usuario_modificacion": null, "fecha_creacion": "2025-08-11T16:52:44.709", "fecha_modificacion": null, "comentario_modificacion": null, "nombre": "Coca-Cola Original 3 L", "proveedor": 1, "precio": "21.00", "categoria": 1, "codigo_barras": "111111111111", "estado": true, "imagen": "productos/cocacola3litros.png"}}, {"model": "productos.producto", "pk": 15, "fields": {"usuario_creacion": ["ale@gmail.com"], "usuario_modificacion": null, "fecha_creacion": "2025-08-11T16:56:25.028", "fecha_modificacion": null, "comentario_modificacion": null, "nombre": "Coca-Cola Original 2.5 L", "proveedor": 1, "precio": "20.00", "categoria": 1, "codigo_barras": "1111119999999", "estado": true, "imagen": "productos/cocacola2.5l.png"}}, {"model": "productos.producto", "pk": 16, "fields": {"usuario_creacion": ["ale@gmail.com"], "usuario_modificacion": ["ale@gmail.com"], "fecha_creacion": "2025-08-11T17:09:57.290", "fecha_modificacion": "2025-09-29T20:46:13.520", "comentario_modificacion": null, "nombre": "Coca-Cola Original 1.5 L", "proveedor": 1, "precio": "14.00", "categoria": 1, "codigo_barras": "2222223333444", "estado": true, "imagen": "productos/cocacola1.5l.png"}}, {"model": "productos.producto", "pk": 17, "fields": {"usuario_creacion": ["ale@gmail.com"], "usuario_modificacion": ["ale@gmail.com"], "fecha_creacion": "2025-08-11T17:14:37.377", "fecha_modificacion": "2025-09-21T21:20:30.733", "comentario_modificacion": null, "nombre": "Fridosita de Res - 2 Unidades (Azul)", "proveedor": 2, "precio": "14.00", "categoria": 10, "codigo_barras": "4446667788767", "estado": true, "imagen": "productos/fridosa_de_res.jpg"}}, {"model": "productos.producto", "pk": 18, "fields": {"usuario_creacion": ["ale@gmail.com"], "usuario_modificacion": null, "fecha_creacion": "2025-08-11T17:20:19.634", "fecha_modificacion": null, "comentario_modificacion": null, "nombre": "Chicharr¾n de Pollo - Bolsa - 1 Kg", "proveedor": 4, "precio": "40.00", "categoria": 10, "codigo_barras": "7774112100509", "estado": true, "imagen": "productos/CHICHARRON-DE-POLLO-1KG.jpg"}}, {"model": "productos.producto", "pk": 19, "fields": {"usuario_creacion": ["ale@gmail.com"], "usuario_modificacion": ["ale@gmail.com"], "fecha_creacion": "2025-08-11T20:26:11.313", "fecha_modificacion": "2025-08-14T00:39:34.142", "comentario_modificacion": null, "nombre": "Chicharr¾n de Cerdo - Bolsa - 1 Kg", "proveedor": 4, "precio": "50.00", "categoria": 10, "codigo_barras": "7774112100530", "estado": true, "imagen": "productos/chicharron_de_cerdo_1kg_R3614a5.jpg"}}, {"model": "productos.producto", "pk": 20, "fields": {"usuario_creacion": ["ale@gmail.com"], "usuario_modificacion": null, "fecha_creacion": "2025-08-31T18:09:20.392", "fecha_modificacion": null, "comentario_modificacion": null, "nombre": "LECHE UHT BOLSA 900 ML", "proveedor": 11, "precio": "7.00", "categoria": 3, "codigo_barras": "2222222222222", "estado": true, "imagen": "productos/pil_leche.jpg"}}, {"model": "productos.producto", "pk": 21, "fields": {"usuario_creacion": ["ale@gmail.com"], "usuario_modificacion": null, "fecha_creacion": "2025-09-12T00:44:52.637", "fecha_modificacion": null, "comentario_modificacion": null, "nombre": "Milanesa Americana de Pollo 4 unidades", "proveedor": 4, "precio": "24.00", "categoria": 10, "codigo_barras": "2222222222223", "estado": true, "imagen": "productos/milanesa_americana_de_pollo.jpg"}}, {"model": "productos.producto", "pk": 22, "fields": {"usuario_creacion": ["ale@gmail.com"], "usuario_modificacion": null, "fecha_creacion": "2025-09-12T00:46:58.603", "fecha_modificacion": null, "comentario_modificacion": null, "nombre": "Mortadela de Pollo a Granel", "proveedor": 4, "precio": "43.00", "categoria": 5, "codigo_barras": "3333333333333", "estado": true, "imagen": "productos/mortadela_de_pollo.jpg"}}, {"model": "productos.producto", "pk": 23, "fields": {"usuario_creacion": ["ale@gmail.com"], "usuario_modificacion": null, "fecha_creacion": "2025-09-12T00:50:13.514", "fecha_modificacion": null, "comentario_modificacion": null, "nombre": "Nuggets Dino 500 gr caja", "proveedor": 4, "precio": "33.00", "categoria": 10, "codigo_barras": "4444444444444", "estado": true, "imagen": "productos/nuggets-dino.jpg"}}, {"model": "productos.producto", "pk": 24, "fields": {"usuario_creacion": ["ale@gmail.com"], "usuario_modificacion": null, "fecha_creacion": "2025-09-12T00:58:30.339", "fecha_modificacion": null, "comentario_modificacion": null, "nombre": "Pollo Relleno con Arroz a la Valenciana Yo Chef", "proveedor": 4, "precio": "70.00", "categoria": 10, "codigo_barras": "6666666666666", "estado": true, "imagen": "productos/pollo_relleno.jpg"}}, {"model": "productos.producto", "pk": 25, "fields": {"usuario_creacion": ["ale@gmail.com"], "usuario_modificacion": ["ale@gmail.com"], "fecha_creacion": "2025-09-21T21:27:34.810", "fecha_modificacion": "2025-09-30T17:19:42.154", "comentario_modificacion": null, "nombre": "Fridosita de Res Express", "proveedor": 2, "precio": "7.50", "categoria": 10, "codigo_barras": "7771901000682", "estado": false, "imagen": "productos/fridosa_res.jpg"}}, {"model": "productos.historicalproducto", "pk": 1, "fields": {"id": 1, "fecha_creacion": "2025-08-05T21:35:50.360", "fecha_modificacion": "2025-08-05T21:35:50.360", "comentario_modificacion": null, "nombre": "Fanta Naranja 2Lt PET", "precio": "10.50", "codigo_barras": "1111111111222", "estado": true, "imagen": "", "usuario_creacion": ["ale@gmail.com"], "usuario_modificacion": ["ale@gmail.com"], "proveedor": 1, "categoria": 1, "history_date": "2025-08-05T21:35:50.361", "history_change_reason": null, "history_type": "+", "history_user": ["ale@gmail.com"]}}, {"model": "productos.historicalproducto", "pk": 2, "fields": {"id": 2, "fecha_creacion": "2025-08-05T21:53:11.495", "fecha_modificacion": "2025-08-05T21:53:11.495", "comentario_modificacion": null, "nombre": "Pura Vida Citrus Punch", "precio": "9.50", "codigo_barras": "1123456534263", "estado": true, "imagen": "", "usuario_creacion": ["ale@gmail.com"], "usuario_modificacion": ["ale@gmail.com"], "proveedor": 1, "categoria": 1, "history_date": "2025-08-05T21:53:11.496", "history_change_reason": null, "history_type": "+", "history_user": ["ale@gmail.com"]}}, {"model": "productos.historicalproducto", "pk": 3, "fields": {"id": 3, "fecha_creacion": "2025-08-06T12:24:10.500", "fecha_modificacion": "2025-08-06T12:24:10.500", "comentario_modificacion": null, "nombre": "Leche Entera", "precio": "8.00", "codigo_barras": "7771901000085", "estado": true, "imagen": "", "usuario_creacion": ["ale@gmail.com"], "usuario_modificacion": ["ale@gmail.com"], "proveedor": 1, "categoria": 1, "history_date": "2025-08-06T12:24:10.502", "history_change_reason": null, "history_type": "+", "history_user": ["ale@gmail.com"]}}, {"model": "productos.historicalproducto", "pk": 4, "fields": {"id": 4, "fecha_creacion": "2025-08-06T12:36:51.138", "fecha_modificacion": null, "comentario_modificacion": null, "nombre": "Pan Molde 500gr.", "precio": "9.50", "codigo_barras": "7771901000086", "estado": true, "imagen": "", "usuario_creacion": ["ale@gmail.com"], "usuario_modificacion": null, "proveedor": 1, "categoria": 1, "history_date": "2025-08-06T12:36:51.139", "history_change_reason": null, "history_type": "+", "history_user": ["ale@gmail.com"]}}, {"model": "productos.historicalproducto", "pk": 5, "fields": {"id": 4, "fecha_creacion": "2025-08-06T12:36:51.138", "fecha_modificacion": "2025-08-06T12:37:13.602", "comentario_modificacion": null, "nombre": "Pan Molde 500gr.", "precio": "9.50", "codigo_barras": "7771901000087", "estado": true, "imagen": "", "usuario_creacion": ["ale@gmail.com"], "usuario_modificacion": ["ale@gmail.com"], "proveedor": 1, "categoria": 1, "history_date": "2025-08-06T12:37:13.604", "history_change_reason": null, "history_type": "~", "history_user": ["ale@gmail.com"]}}, {"model": "productos.historicalproducto", "pk": 6, "fields": {"id": 5, "fecha_creacion": "2025-08-06T12:42:02.234", "fecha_modificacion": null, "comentario_modificacion": null, "nombre": "Bioyogurt Durazno 2 Lt.", "precio": "17.50", "codigo_barras": "1111111111223", "estado": true, "imagen": "", "usuario_creacion": null, "usuario_modificacion": null, "proveedor": 1, "categoria": 1, "history_date": "2025-08-06T12:42:02.235", "history_change_reason": null, "history_type": "+", "history_user": ["ale@gmail.com"]}}, {"model": "productos.historicalproducto", "pk": 7, "fields": {"id": 6, "fecha_creacion": "2025-08-07T14:00:57.518", "fecha_modificacion": null, "comentario_modificacion": null, "nombre": "Pasta de HÝgado 250gr.", "precio": "15.50", "codigo_barras": "1111111111229", "estado": true, "imagen": "", "usuario_creacion": ["ale@gmail.com"], "usuario_modificacion": null, "proveedor": 1, "categoria": 1, "history_date": "2025-08-07T14:00:57.523", "history_change_reason": null, "history_type": "+", "history_user": ["ale@gmail.com"]}}, {"model": "productos.historicalproducto", "pk": 8, "fields": {"id": 7, "fecha_creacion": "2025-08-07T14:02:14.300", "fecha_modificacion": null, "comentario_modificacion": null, "nombre": "Salchica 15 unidades zampo±a", "precio": "13.50", "codigo_barras": "1111111111228", "estado": true, "imagen": "", "usuario_creacion": ["ale@gmail.com"], "usuario_modificacion": null, "proveedor": 1, "categoria": 1, "history_date": "2025-08-07T14:02:14.305", "history_change_reason": null, "history_type": "+", "history_user": ["ale@gmail.com"]}}, {"model": "productos.historicalproducto", "pk": 9, "fields": {"id": 7, "fecha_creacion": "2025-08-07T14:02:14.300", "fecha_modificacion": "2025-08-07T14:37:06.423", "comentario_modificacion": null, "nombre": "Salchica 15 unidades zampo±a", "precio": "13.50", "codigo_barras": "1111111111228", "estado": true, "imagen": "", "usuario_creacion": ["ale@gmail.com"], "usuario_modificacion": ["ale@gmail.com"], "proveedor": 1, "categoria": 1, "history_date": "2025-08-07T14:37:06.428", "history_change_reason": null, "history_type": "~", "history_user": ["ale@gmail.com"]}}, {"model": "productos.historicalproducto", "pk": 10, "fields": {"id": 7, "fecha_creacion": "2025-08-07T14:02:14.300", "fecha_modificacion": "2025-08-07T14:37:37.935", "comentario_modificacion": null, "nombre": "Salchica 15 unidades zampo±a", "precio": "13.50", "codigo_barras": "1111111111228", "estado": true, "imagen": "", "usuario_creacion": ["ale@gmail.com"], "usuario_modificacion": ["ale@gmail.com"], "proveedor": 1, "categoria": 1, "history_date": "2025-08-07T14:37:37.939", "history_change_reason": null, "history_type": "~", "history_user": ["ale@gmail.com"]}}, {"model": "productos.historicalproducto", "pk": 11, "fields": {"id": 7, "fecha_creacion": "2025-08-07T14:02:14.300", "fecha_modificacion": "2025-08-07T15:34:09.849", "comentario_modificacion": null, "nombre": "Salchica 15 unidades zampo±a", "precio": "13.50", "codigo_barras": "1111111111228", "estado": true, "imagen": "productos/l.jpg", "usuario_creacion": ["ale@gmail.com"], "usuario_modificacion": ["ale@gmail.com"], "proveedor": 1, "categoria": 1, "history_date": "2025-08-07T15:34:09.854", "history_change_reason": null, "history_type": "~", "history_user": ["ale@gmail.com"]}}, {"model": "productos.historicalproducto", "pk": 12, "fields": {"id": 7, "fecha_creacion": "2025-08-07T14:02:14.300", "fecha_modificacion": "2025-08-07T15:35:15.290", "comentario_modificacion": null, "nombre": "Salchica 15 unidades zampo±a", "precio": "13.50", "codigo_barras": "1111111111228", "estado": true, "imagen": "productos/a.jfif", "usuario_creacion": ["ale@gmail.com"], "usuario_modificacion": ["ale@gmail.com"], "proveedor": 1, "categoria": 1, "history_date": "2025-08-07T15:35:15.297", "history_change_reason": null, "history_type": "~", "history_user": ["ale@gmail.com"]}}, {"model": "productos.historicalproducto", "pk": 13, "fields": {"id": 8, "fecha_creacion": "2025-08-07T19:07:01.245", "fecha_modificacion": null, "comentario_modificacion": null, "nombre": "Hamburguesa de Pollo 250 gr", "precio": "9.50", "codigo_barras": "1111111111345", "estado": true, "imagen": "", "usuario_creacion": ["ale@gmail.com"], "usuario_modificacion": null, "proveedor": 1, "categoria": 1, "history_date": "2025-08-07T19:07:01.250", "history_change_reason": null, "history_type": "+", "history_user": ["ale@gmail.com"]}}, {"model": "productos.historicalproducto", "pk": 14, "fields": {"id": 9, "fecha_creacion": "2025-08-07T19:07:23.669", "fecha_modificacion": null, "comentario_modificacion": null, "nombre": "Hamburguesa 250gr.", "precio": "9.50", "codigo_barras": "1111111111123", "estado": true, "imagen": "", "usuario_creacion": ["ale@gmail.com"], "usuario_modificacion": null, "proveedor": 1, "categoria": 1, "history_date": "2025-08-07T19:07:23.675", "history_change_reason": null, "history_type": "+", "history_user": ["ale@gmail.com"]}}, {"model": "productos.historicalproducto", "pk": 15, "fields": {"id": 10, "fecha_creacion": "2025-08-07T19:07:46.350", "fecha_modificacion": null, "comentario_modificacion": null, "nombre": "Jugo Del Valle Durazno 1Lt", "precio": "14.90", "codigo_barras": "1111111111998", "estado": false, "imagen": "", "usuario_creacion": ["ale@gmail.com"], "usuario_modificacion": null, "proveedor": 1, "categoria": 1, "history_date": "2025-08-07T19:07:46.353", "history_change_reason": null, "history_type": "+", "history_user": ["ale@gmail.com"]}}, {"model": "productos.historicalproducto", "pk": 16, "fields": {"id": 11, "fecha_creacion": "2025-08-07T19:08:21.683", "fecha_modificacion": null, "comentario_modificacion": null, "nombre": "Bioyogurt Durazno 2 Lt.", "precio": "15.50", "codigo_barras": "1111111111888", "estado": false, "imagen": "", "usuario_creacion": ["ale@gmail.com"], "usuario_modificacion": null, "proveedor": 1, "categoria": 1, "history_date": "2025-08-07T19:08:21.686", "history_change_reason": null, "history_type": "+", "history_user": ["ale@gmail.com"]}}, {"model": "productos.historicalproducto", "pk": 17, "fields": {"id": 12, "fecha_creacion": "2025-08-10T21:22:28.654", "fecha_modificacion": null, "comentario_modificacion": null, "nombre": "Agua Vital 3 Litros", "precio": "7.00", "codigo_barras": "111111999999", "estado": true, "imagen": "productos/aguas.jfif", "usuario_creacion": ["ale@gmail.com"], "usuario_modificacion": null, "proveedor": 1, "categoria": 2, "history_date": "2025-08-10T21:22:28.660", "history_change_reason": null, "history_type": "+", "history_user": ["ale@gmail.com"]}}, {"model": "productos.historicalproducto", "pk": 18, "fields": {"id": 12, "fecha_creacion": "2025-08-10T21:22:28.654", "fecha_modificacion": "2025-08-10T21:28:43.949", "comentario_modificacion": null, "nombre": "Agua Vital 3 Litros", "precio": "7.00", "codigo_barras": "111111999999", "estado": true, "imagen": "productos/VITAL-AGUA-SIN-GAS-990ML.webp", "usuario_creacion": ["ale@gmail.com"], "usuario_modificacion": ["ale@gmail.com"], "proveedor": 1, "categoria": 2, "history_date": "2025-08-10T21:28:43.954", "history_change_reason": null, "history_type": "~", "history_user": ["ale@gmail.com"]}}, {"model": "productos.historicalproducto", "pk": 19, "fields": {"id": 12, "fecha_creacion": "2025-08-10T21:22:28.654", "fecha_modificacion": "2025-08-10T21:28:43.949", "comentario_modificacion": null, "nombre": "Agua Vital 3 Litros", "precio": "7.00", "codigo_barras": "111111999999", "estado": true, "imagen": "productos/VITAL-AGUA-SIN-GAS-990ML.webp", "usuario_creacion": ["ale@gmail.com"], "usuario_modificacion": ["ale@gmail.com"], "proveedor": 1, "categoria": 2, "history_date": "2025-08-11T00:18:22.197", "history_change_reason": null, "history_type": "-", "history_user": ["ale@gmail.com"]}}, {"model": "productos.historicalproducto", "pk": 20, "fields": {"id": 13, "fecha_creacion": "2025-08-11T13:14:21.865", "fecha_modificacion": null, "comentario_modificacion": null, "nombre": "Hamburguesa 2 Unidades de RES (AZUL)", "precio": "7.00", "codigo_barras": "7771901000088", "estado": true, "imagen": "productos/fridosaazul.jpg", "usuario_creacion": ["ale@gmail.com"], "usuario_modificacion": null, "proveedor": 2, "categoria": 10, "history_date": "2025-08-11T13:14:21.870", "history_change_reason": null, "history_type": "+", "history_user": ["ale@gmail.com"]}}, {"model": "productos.historicalproducto", "pk": 21, "fields": {"id": 13, "fecha_creacion": "2025-08-11T13:14:21.865", "fecha_modificacion": null, "comentario_modificacion": null, "nombre": "Hamburguesa 2 Unidades de RES (AZUL)", "precio": "7.00", "codigo_barras": "7771901000088", "estado": true, "imagen": "productos/fridosaazul.jpg", "usuario_creacion": ["ale@gmail.com"], "usuario_modificacion": null, "proveedor": 2, "categoria": 10, "history_date": "2025-08-11T16:34:53.725", "history_change_reason": null, "history_type": "-", "history_user": ["ale@gmail.com"]}}, {"model": "productos.historicalproducto", "pk": 22, "fields": {"id": 11, "fecha_creacion": "2025-08-07T19:08:21.683", "fecha_modificacion": null, "comentario_modificacion": null, "nombre": "Bioyogurt Durazno 2 Lt.", "precio": "15.50", "codigo_barras": "1111111111888", "estado": false, "imagen": "", "usuario_creacion": ["ale@gmail.com"], "usuario_modificacion": null, "proveedor": 1, "categoria": 1, "history_date": "2025-08-11T16:34:53.726", "history_change_reason": null, "history_type": "-", "history_user": ["ale@gmail.com"]}}, {"model": "productos.historicalproducto", "pk": 23, "fields": {"id": 10, "fecha_creacion": "2025-08-07T19:07:46.350", "fecha_modificacion": null, "comentario_modificacion": null, "nombre": "Jugo Del Valle Durazno 1Lt", "precio": "14.90", "codigo_barras": "1111111111998", "estado": false, "imagen": "", "usuario_creacion": ["ale@gmail.com"], "usuario_modificacion": null, "proveedor": 1, "categoria": 1, "history_date": "2025-08-11T16:34:53.726", "history_change_reason": null, "history_type": "-", "history_user": ["ale@gmail.com"]}}, {"model": "productos.historicalproducto", "pk": 24, "fields": {"id": 9, "fecha_creacion": "2025-08-07T19:07:23.669", "fecha_modificacion": null, "comentario_modificacion": null, "nombre": "Hamburguesa 250gr.", "precio": "9.50", "codigo_barras": "1111111111123", "estado": true, "imagen": "", "usuario_creacion": ["ale@gmail.com"], "usuario_modificacion": null, "proveedor": 1, "categoria": 1, "history_date": "2025-08-11T16:34:53.727", "history_change_reason": null, "history_type": "-", "history_user": ["ale@gmail.com"]}}, {"model": "productos.historicalproducto", "pk": 25, "fields": {"id": 8, "fecha_creacion": "2025-08-07T19:07:01.245", "fecha_modificacion": null, "comentario_modificacion": null, "nombre": "Hamburguesa de Pollo 250 gr", "precio": "9.50", "codigo_barras": "1111111111345", "estado": true, "imagen": "", "usuario_creacion": ["ale@gmail.com"], "usuario_modificacion": null, "proveedor": 1, "categoria": 1, "history_date": "2025-08-11T16:34:53.727", "history_change_reason": null, "history_type": "-", "history_user": ["ale@gmail.com"]}}, {"model": "productos.historicalproducto", "pk": 26, "fields": {"id": 7, "fecha_creacion": "2025-08-07T14:02:14.300", "fecha_modificacion": "2025-08-07T15:35:15.290", "comentario_modificacion": null, "nombre": "Salchica 15 unidades zampo±a", "precio": "13.50", "codigo_barras": "1111111111228", "estado": true, "imagen": "productos/a.jfif", "usuario_creacion": ["ale@gmail.com"], "usuario_modificacion": ["ale@gmail.com"], "proveedor": 1, "categoria": 1, "history_date": "2025-08-11T16:34:53.727", "history_change_reason": null, "history_type": "-", "history_user": ["ale@gmail.com"]}}, {"model": "productos.historicalproducto", "pk": 27, "fields": {"id": 6, "fecha_creacion": "2025-08-07T14:00:57.518", "fecha_modificacion": null, "comentario_modificacion": null, "nombre": "Pasta de HÝgado 250gr.", "precio": "15.50", "codigo_barras": "1111111111229", "estado": true, "imagen": "", "usuario_creacion": ["ale@gmail.com"], "usuario_modificacion": null, "proveedor": 1, "categoria": 1, "history_date": "2025-08-11T16:34:53.728", "history_change_reason": null, "history_type": "-", "history_user": ["ale@gmail.com"]}}, {"model": "productos.historicalproducto", "pk": 28, "fields": {"id": 5, "fecha_creacion": "2025-08-06T12:42:02.234", "fecha_modificacion": null, "comentario_modificacion": null, "nombre": "Bioyogurt Durazno 2 Lt.", "precio": "17.50", "codigo_barras": "1111111111223", "estado": true, "imagen": "", "usuario_creacion": null, "usuario_modificacion": null, "proveedor": 1, "categoria": 1, "history_date": "2025-08-11T16:34:53.728", "history_change_reason": null, "history_type": "-", "history_user": ["ale@gmail.com"]}}, {"model": "productos.historicalproducto", "pk": 29, "fields": {"id": 4, "fecha_creacion": "2025-08-06T12:36:51.138", "fecha_modificacion": "2025-08-06T12:37:13.602", "comentario_modificacion": null, "nombre": "Pan Molde 500gr.", "precio": "9.50", "codigo_barras": "7771901000087", "estado": true, "imagen": "", "usuario_creacion": ["ale@gmail.com"], "usuario_modificacion": ["ale@gmail.com"], "proveedor": 1, "categoria": 1, "history_date": "2025-08-11T16:34:53.729", "history_change_reason": null, "history_type": "-", "history_user": ["ale@gmail.com"]}}, {"model": "productos.historicalproducto", "pk": 30, "fields": {"id": 3, "fecha_creacion": "2025-08-06T12:24:10.500", "fecha_modificacion": "2025-08-06T12:24:10.500", "comentario_modificacion": null, "nombre": "Leche Entera", "precio": "8.00", "codigo_barras": "7771901000085", "estado": true, "imagen": "", "usuario_creacion": ["ale@gmail.com"], "usuario_modificacion": ["ale@gmail.com"], "proveedor": 1, "categoria": 1, "history_date": "2025-08-11T16:34:53.729", "history_change_reason": null, "history_type": "-", "history_user": ["ale@gmail.com"]}}, {"model": "productos.historicalproducto", "pk": 31, "fields": {"id": 2, "fecha_creacion": "2025-08-05T21:53:11.495", "fecha_modificacion": "2025-08-05T21:53:11.495", "comentario_modificacion": null, "nombre": "Pura Vida Citrus Punch", "precio": "9.50", "codigo_barras": "1123456534263", "estado": true, "imagen": "", "usuario_creacion": ["ale@gmail.com"], "usuario_modificacion": ["ale@gmail.com"], "proveedor": 1, "categoria": 1, "history_date": "2025-08-11T16:34:53.730", "history_change_reason": null, "history_type": "-", "history_user": ["ale@gmail.com"]}}, {"model": "productos.historicalproducto", "pk": 32, "fields": {"id": 1, "fecha_creacion": "2025-08-05T21:35:50.360", "fecha_modificacion": "2025-08-05T21:35:50.360", "comentario_modificacion": null, "nombre": "Fanta Naranja 2Lt PET", "precio": "10.50", "codigo_barras": "1111111111222", "estado": true, "imagen": "", "usuario_creacion": ["ale@gmail.com"], "usuario_modificacion": ["ale@gmail.com"], "proveedor": 1, "categoria": 1, "history_date": "2025-08-11T16:34:53.730", "history_change_reason": null, "history_type": "-", "history_user": ["ale@gmail.com"]}}, {"model": "productos.historicalproducto", "pk": 33, "fields": {"id": 14, "fecha_creacion": "2025-08-11T16:52:44.709", "fecha_modificacion": null, "comentario_modificacion": null, "nombre": "Coca-Cola Original 3 L", "precio": "21.00", "codigo_barras": "111111111111", "estado": true, "imagen": "productos/cocacola3litros.png", "usuario_creacion": ["ale@gmail.com"], "usuario_modificacion": null, "proveedor": 1, "categoria": 1, "history_date": "2025-08-11T16:52:44.714", "history_change_reason": null, "history_type": "+", "history_user": ["ale@gmail.com"]}}, {"model": "productos.historicalproducto", "pk": 34, "fields": {"id": 15, "fecha_creacion": "2025-08-11T16:56:25.028", "fecha_modificacion": null, "comentario_modificacion": null, "nombre": "Coca-Cola Original 2.5 L", "precio": "20.00", "codigo_barras": "1111119999999", "estado": true, "imagen": "productos/cocacola2.5l.png", "usuario_creacion": ["ale@gmail.com"], "usuario_modificacion": null, "proveedor": 1, "categoria": 1, "history_date": "2025-08-11T16:56:25.034", "history_change_reason": null, "history_type": "+", "history_user": ["ale@gmail.com"]}}, {"model": "productos.historicalproducto", "pk": 35, "fields": {"id": 16, "fecha_creacion": "2025-08-11T17:09:57.290", "fecha_modificacion": null, "comentario_modificacion": null, "nombre": "Coca-Cola Original 1.5 L", "precio": "14.00", "codigo_barras": "2222223333444", "estado": true, "imagen": "productos/cocacola1.5l.png", "usuario_creacion": ["ale@gmail.com"], "usuario_modificacion": null, "proveedor": 1, "categoria": 1, "history_date": "2025-08-11T17:09:57.295", "history_change_reason": null, "history_type": "+", "history_user": ["ale@gmail.com"]}}, {"model": "productos.historicalproducto", "pk": 36, "fields": {"id": 17, "fecha_creacion": "2025-08-11T17:14:37.377", "fecha_modificacion": null, "comentario_modificacion": null, "nombre": "Fridosita de Res - 2 Unidades (Azul)", "precio": "14.00", "codigo_barras": "4446667788767", "estado": true, "imagen": "productos/frosositares.webp", "usuario_creacion": ["ale@gmail.com"], "usuario_modificacion": null, "proveedor": 2, "categoria": 10, "history_date": "2025-08-11T17:14:37.384", "history_change_reason": null, "history_type": "+", "history_user": ["ale@gmail.com"]}}, {"model": "productos.historicalproducto", "pk": 37, "fields": {"id": 18, "fecha_creacion": "2025-08-11T17:20:19.634", "fecha_modificacion": null, "comentario_modificacion": null, "nombre": "Chicharr¾n de Pollo - Bolsa - 1 Kg", "precio": "40.00", "codigo_barras": "7774112100509", "estado": true, "imagen": "productos/CHICHARRON-DE-POLLO-1KG.jpg", "usuario_creacion": ["ale@gmail.com"], "usuario_modificacion": null, "proveedor": 4, "categoria": 10, "history_date": "2025-08-11T17:20:19.639", "history_change_reason": null, "history_type": "+", "history_user": ["ale@gmail.com"]}}, {"model": "productos.historicalproducto", "pk": 38, "fields": {"id": 19, "fecha_creacion": "2025-08-11T20:26:11.313", "fecha_modificacion": null, "comentario_modificacion": null, "nombre": "Chicharr¾n de Cerdo - Bolsa - 1 Kg", "precio": "50.00", "codigo_barras": "7774112100530", "estado": true, "imagen": "productos/chicharron_de_cerdo_1kg.jpg", "usuario_creacion": ["ale@gmail.com"], "usuario_modificacion": null, "proveedor": 4, "categoria": 10, "history_date": "2025-08-11T20:26:11.318", "history_change_reason": null, "history_type": "+", "history_user": ["ale@gmail.com"]}}, {"model": "productos.historicalproducto", "pk": 39, "fields": {"id": 19, "fecha_creacion": "2025-08-11T20:26:11.313", "fecha_modificacion": "2025-08-14T00:39:26.580", "comentario_modificacion": null, "nombre": "Chicharr¾n de Cerdo - Bolsa - 1 Kg", "precio": "50.00", "codigo_barras": "7774112100530", "estado": true, "imagen": "productos/CHICHARRON-DE-POLLO-1KG_DZSPON1.jpg", "usuario_creacion": ["ale@gmail.com"], "usuario_modificacion": ["ale@gmail.com"], "proveedor": 4, "categoria": 10, "history_date": "2025-08-14T00:39:26.585", "history_change_reason": null, "history_type": "~", "history_user": ["ale@gmail.com"]}}, {"model": "productos.historicalproducto", "pk": 40, "fields": {"id": 19, "fecha_creacion": "2025-08-11T20:26:11.313", "fecha_modificacion": "2025-08-14T00:39:34.142", "comentario_modificacion": null, "nombre": "Chicharr¾n de Cerdo - Bolsa - 1 Kg", "precio": "50.00", "codigo_barras": "7774112100530", "estado": true, "imagen": "productos/chicharron_de_cerdo_1kg_R3614a5.jpg", "usuario_creacion": ["ale@gmail.com"], "usuario_modificacion": ["ale@gmail.com"], "proveedor": 4, "categoria": 10, "history_date": "2025-08-14T00:39:34.148", "history_change_reason": null, "history_type": "~", "history_user": ["ale@gmail.com"]}}, {"model": "productos.historicalproducto", "pk": 41, "fields": {"id": 20, "fecha_creacion": "2025-08-31T18:09:20.392", "fecha_modificacion": null, "comentario_modificacion": null, "nombre": "LECHE UHT BOLSA 900 ML", "precio": "7.00", "codigo_barras": "2222222222222", "estado": true, "imagen": "productos/pil_leche.jpg", "usuario_creacion": ["ale@gmail.com"], "usuario_modificacion": null, "proveedor": 11, "categoria": 3, "history_date": "2025-08-31T18:09:20.398", "history_change_reason": null, "history_type": "+", "history_user": ["ale@gmail.com"]}}, {"model": "productos.historicalproducto", "pk": 42, "fields": {"id": 21, "fecha_creacion": "2025-09-12T00:44:52.637", "fecha_modificacion": null, "comentario_modificacion": null, "nombre": "Milanesa Americana de Pollo 4 unidades", "precio": "24.00", "codigo_barras": "2222222222223", "estado": true, "imagen": "productos/milanesa_americana_de_pollo.jpg", "usuario_creacion": ["ale@gmail.com"], "usuario_modificacion": null, "proveedor": 4, "categoria": 10, "history_date": "2025-09-12T00:44:52.642", "history_change_reason": null, "history_type": "+", "history_user": ["ale@gmail.com"]}}, {"model": "productos.historicalproducto", "pk": 43, "fields": {"id": 22, "fecha_creacion": "2025-09-12T00:46:58.603", "fecha_modificacion": null, "comentario_modificacion": null, "nombre": "Mortadela de Pollo a Granel", "precio": "43.00", "codigo_barras": "3333333333333", "estado": true, "imagen": "productos/mortadela_de_pollo.jpg", "usuario_creacion": ["ale@gmail.com"], "usuario_modificacion": null, "proveedor": 4, "categoria": 5, "history_date": "2025-09-12T00:46:58.610", "history_change_reason": null, "history_type": "+", "history_user": ["ale@gmail.com"]}}, {"model": "productos.historicalproducto", "pk": 44, "fields": {"id": 23, "fecha_creacion": "2025-09-12T00:50:13.514", "fecha_modificacion": null, "comentario_modificacion": null, "nombre": "Nuggets Dino 500 gr caja", "precio": "33.00", "codigo_barras": "4444444444444", "estado": true, "imagen": "productos/nuggets-dino.jpg", "usuario_creacion": ["ale@gmail.com"], "usuario_modificacion": null, "proveedor": 4, "categoria": 10, "history_date": "2025-09-12T00:50:13.520", "history_change_reason": null, "history_type": "+", "history_user": ["ale@gmail.com"]}}, {"model": "productos.historicalproducto", "pk": 45, "fields": {"id": 24, "fecha_creacion": "2025-09-12T00:58:30.339", "fecha_modificacion": null, "comentario_modificacion": null, "nombre": "Pollo Relleno con Arroz a la Valenciana Yo Chef", "precio": "70.00", "codigo_barras": "6666666666666", "estado": true, "imagen": "productos/pollo_relleno.jpg", "usuario_creacion": ["ale@gmail.com"], "usuario_modificacion": null, "proveedor": 4, "categoria": 10, "history_date": "2025-09-12T00:58:30.344", "history_change_reason": null, "history_type": "+", "history_user": ["ale@gmail.com"]}}, {"model": "productos.historicalproducto", "pk": 46, "fields": {"id": 17, "fecha_creacion": "2025-08-11T17:14:37.377", "fecha_modificacion": "2025-09-21T21:20:30.733", "comentario_modificacion": null, "nombre": "Fridosita de Res - 2 Unidades (Azul)", "precio": "14.00", "codigo_barras": "4446667788767", "estado": true, "imagen": "productos/fridosa_de_res.jpg", "usuario_creacion": ["ale@gmail.com"], "usuario_modificacion": ["ale@gmail.com"], "proveedor": 2, "categoria": 10, "history_date": "2025-09-21T21:20:30.738", "history_change_reason": null, "history_type": "~", "history_user": ["ale@gmail.com"]}}, {"model": "productos.historicalproducto", "pk": 47, "fields": {"id": 25, "fecha_creacion": "2025-09-21T21:27:34.810", "fecha_modificacion": null, "comentario_modificacion": null, "nombre": "Fridosita de Res Express", "precio": "7.50", "codigo_barras": "7771901000682", "estado": true, "imagen": "productos/fridosa_res.jpg", "usuario_creacion": ["ale@gmail.com"], "usuario_modificacion": null, "proveedor": 2, "categoria": 10, "history_date": "2025-09-21T21:27:34.815", "history_change_reason": null, "history_type": "+", "history_user": ["ale@gmail.com"]}}, {"model": "productos.historicalproducto", "pk": 48, "fields": {"id": 16, "fecha_creacion": "2025-08-11T17:09:57.290", "fecha_modificacion": "2025-09-29T20:46:03.783", "comentario_modificacion": null, "nombre": "Coca-Cola Original 1.5 L", "precio": "14.00", "codigo_barras": "2222223333444", "estado": false, "imagen": "productos/cocacola1.5l.png", "usuario_creacion": ["ale@gmail.com"], "usuario_modificacion": ["ale@gmail.com"], "proveedor": 1, "categoria": 1, "history_date": "2025-09-29T20:46:03.789", "history_change_reason": null, "history_type": "~", "history_user": ["ale@gmail.com"]}}, {"model": "productos.historicalproducto", "pk": 49, "fields": {"id": 16, "fecha_creacion": "2025-08-11T17:09:57.290", "fecha_modificacion": "2025-09-29T20:46:13.520", "comentario_modificacion": null, "nombre": "Coca-Cola Original 1.5 L", "precio": "14.00", "codigo_barras": "2222223333444", "estado": true, "imagen": "productos/cocacola1.5l.png", "usuario_creacion": ["ale@gmail.com"], "usuario_modificacion": ["ale@gmail.com"], "proveedor": 1, "categoria": 1, "history_date": "2025-09-29T20:46:13.524", "history_change_reason": null, "history_type": "~", "history_user": ["ale@gmail.com"]}}, {"model": "productos.historicalproducto", "pk": 50, "fields": {"id": 25, "fecha_creacion": "2025-09-21T21:27:34.810", "fecha_modificacion": "2025-09-30T17:19:42.154", "comentario_modificacion": null, "nombre": "Fridosita de Res Express", "precio": "7.50", "codigo_barras": "7771901000682", "estado": false, "imagen": "productos/fridosa_res.jpg", "usuario_creacion": ["ale@gmail.com"], "usuario_modificacion": ["ale@gmail.com"], "proveedor": 2, "categoria": 10, "history_date": "2025-09-30T17:19:42.159", "history_change_reason": null, "history_type": "~", "history_user": ["ale@gmail.com"]}}, {"model": "productos.proveedor", "pk": 1, "fields": {"usuario_creacion": ["ale@gmail.com"], "usuario_modificacion": ["ale@gmail.com"], "fecha_creacion": "2025-08-05T21:35:47.120", "fecha_modificacion": "2025-08-08T11:24:52.288", "comentario_modificacion": "", "marca": "The CocaCola Company", "contacto": "Laura", "telefono": "75894589", "estado": true, "imagen": "proveedores/cocacola_R5EmDIo.jfif"}}, {"model": "productos.proveedor", "pk": 2, "fields": {"usuario_creacion": ["ale@gmail.com"], "usuario_modificacion": null, "fecha_creacion": "2025-08-08T11:13:55.314", "fecha_modificacion": null, "comentario_modificacion": null, "marca": "Fridosa", "contacto": "Jony Ezquiel", "telefono": "2250229", "estado": true, "imagen": "proveedores/fridosa.jfif"}}, {"model": "productos.proveedor", "pk": 3, "fields": {"usuario_creacion": ["ale@gmail.com"], "usuario_modificacion": null, "fecha_creacion": "2025-08-10T23:25:12.543", "fecha_modificacion": null, "comentario_modificacion": null, "marca": "Pepsi", "contacto": "Edwin Sanchez", "telefono": "69587859", "estado": true, "imagen": "proveedores/pepsi.jpg"}}, {"model": "productos.proveedor", "pk": 4, "fields": {"usuario_creacion": ["ale@gmail.com"], "usuario_modificacion": null, "fecha_creacion": "2025-08-10T23:26:46.486", "fecha_modificacion": null, "comentario_modificacion": null, "marca": "SofÝa", "contacto": "Alberto PÚrez", "telefono": "65987920", "estado": true, "imagen": "proveedores/sofia.jfif"}}, {"model": "productos.proveedor", "pk": 5, "fields": {"usuario_creacion": ["ale@gmail.com"], "usuario_modificacion": null, "fecha_creacion": "2025-08-10T23:28:43.341", "fecha_modificacion": null, "comentario_modificacion": null, "marca": "San Gabriel", "contacto": "Policarpo Poma PÚrez", "telefono": "65897840", "estado": true, "imagen": "proveedores/san_gabriel.jfif"}}, {"model": "productos.proveedor", "pk": 6, "fields": {"usuario_creacion": ["ale@gmail.com"], "usuario_modificacion": ["ale@gmail.com"], "fecha_creacion": "2025-08-10T23:30:14.251", "fecha_modificacion": "2025-08-10T23:30:43.503", "comentario_modificacion": "se me olvido la imagen", "marca": "Delizia", "contacto": "Juan Fernando Perez", "telefono": "68598850", "estado": true, "imagen": "proveedores/delizia.jfif"}}, {"model": "productos.proveedor", "pk": 7, "fields": {"usuario_creacion": ["ale@gmail.com"], "usuario_modificacion": null, "fecha_creacion": "2025-08-10T23:45:30.590", "fecha_modificacion": null, "comentario_modificacion": null, "marca": "Stege", "contacto": "Claudia Ramos", "telefono": "65987845", "estado": true, "imagen": "proveedores/stege.jfif"}}, {"model": "productos.proveedor", "pk": 8, "fields": {"usuario_creacion": ["ale@gmail.com"], "usuario_modificacion": null, "fecha_creacion": "2025-08-10T23:46:59.372", "fecha_modificacion": null, "comentario_modificacion": null, "marca": "Torito", "contacto": "Pedro Pasca Montes", "telefono": "65989562", "estado": true, "imagen": "proveedores/torito.jpg"}}, {"model": "productos.proveedor", "pk": 9, "fields": {"usuario_creacion": ["ale@gmail.com"], "usuario_modificacion": null, "fecha_creacion": "2025-08-10T23:51:19.506", "fecha_modificacion": null, "comentario_modificacion": null, "marca": "La Espa±ola", "contacto": "Andrea Vargas Arancibia", "telefono": "65987485", "estado": true, "imagen": "proveedores/laespa±ola.jpg"}}, {"model": "productos.proveedor", "pk": 10, "fields": {"usuario_creacion": ["ale@gmail.com"], "usuario_modificacion": ["ale@gmail.com"], "fecha_creacion": "2025-08-10T23:54:09.889", "fecha_modificacion": "2025-08-10T23:57:05.500", "comentario_modificacion": "se cambi¾ la imagen", "marca": "Osfim", "contacto": "Carlos Valverde", "telefono": "65989569", "estado": true, "imagen": "proveedores/osfim.jpg"}}, {"model": "productos.proveedor", "pk": 11, "fields": {"usuario_creacion": ["ale@gmail.com"], "usuario_modificacion": null, "fecha_creacion": "2025-08-10T23:58:25.639", "fecha_modificacion": null, "comentario_modificacion": null, "marca": "Pil", "contacto": "Romario Contreras", "telefono": "65989758", "estado": true, "imagen": "proveedores/pil.jpg"}}, {"model": "productos.proveedor", "pk": 12, "fields": {"usuario_creacion": ["ale@gmail.com"], "usuario_modificacion": null, "fecha_creacion": "2025-08-11T15:14:12.995", "fecha_modificacion": null, "comentario_modificacion": null, "marca": "Maxi Pan", "contacto": "Alejandra Isabella", "telefono": "78594859", "estado": true, "imagen": "proveedores/maxipan.jpg"}}, {"model": "productos.proveedor", "pk": 14, "fields": {"usuario_creacion": ["ale@gmail.com"], "usuario_modificacion": null, "fecha_creacion": "2025-08-11T15:17:12.737", "fecha_modificacion": null, "comentario_modificacion": null, "marca": "Kris", "contacto": "Fabricio Altamirano", "telefono": "65897845", "estado": true, "imagen": "proveedores/kriss.png"}}, {"model": "productos.proveedor", "pk": 15, "fields": {"usuario_creacion": ["ale@gmail.com"], "usuario_modificacion": ["ale@gmail.com"], "fecha_creacion": "2025-08-11T15:18:49.616", "fecha_modificacion": "2025-08-11T15:20:11.361", "comentario_modificacion": "se cambio la imagen", "marca": "Fino", "contacto": "Marco Saul Torrez", "telefono": "65898567", "estado": true, "imagen": "proveedores/fino.png"}}, {"model": "productos.proveedor", "pk": 16, "fields": {"usuario_creacion": ["ale@gmail.com"], "usuario_modificacion": null, "fecha_creacion": "2025-08-11T15:21:37.134", "fecha_modificacion": null, "comentario_modificacion": null, "marca": "Cascada", "contacto": "Miguel Sirpa", "telefono": "62857890", "estado": true, "imagen": "proveedores/cascada.png"}}, {"model": "productos.proveedor", "pk": 17, "fields": {"usuario_creacion": ["ale@gmail.com"], "usuario_modificacion": null, "fecha_creacion": "2025-08-11T15:22:51.758", "fecha_modificacion": null, "comentario_modificacion": null, "marca": "Salvietti", "contacto": "Saul Choque", "telefono": "64587945", "estado": true, "imagen": "proveedores/salviety.jpg"}}, {"model": "productos.proveedor", "pk": 18, "fields": {"usuario_creacion": ["ale@gmail.com"], "usuario_modificacion": null, "fecha_creacion": "2025-08-11T15:24:15.564", "fecha_modificacion": null, "comentario_modificacion": null, "marca": "Nestle", "contacto": "Eddy Vera Monz¾n", "telefono": "78459845", "estado": true, "imagen": "proveedores/nestle.png"}}, {"model": "productos.proveedor", "pk": 19, "fields": {"usuario_creacion": ["ale@gmail.com"], "usuario_modificacion": null, "fecha_creacion": "2025-08-11T15:26:26.481", "fecha_modificacion": null, "comentario_modificacion": null, "marca": "MADISA", "contacto": "Daniela Pelßez Silva", "telefono": "78594856", "estado": true, "imagen": "proveedores/madisa.jpg"}}, {"model": "productos.proveedor", "pk": 20, "fields": {"usuario_creacion": ["ale@gmail.com"], "usuario_modificacion": null, "fecha_creacion": "2025-08-11T15:31:10.505", "fecha_modificacion": null, "comentario_modificacion": null, "marca": "Cruzimex", "contacto": "Judith Yuan Paco", "telefono": "78595846", "estado": true, "imagen": "proveedores/crusimex.png"}}, {"model": "productos.proveedor", "pk": 21, "fields": {"usuario_creacion": ["ale@gmail.com"], "usuario_modificacion": null, "fecha_creacion": "2025-08-11T15:32:37.398", "fecha_modificacion": null, "comentario_modificacion": null, "marca": "RIK", "contacto": "Ronal Calcina Oblitas", "telefono": "78954859", "estado": true, "imagen": "proveedores/rik.jpg"}}, {"model": "productos.proveedor", "pk": 22, "fields": {"usuario_creacion": ["ale@gmail.com"], "usuario_modificacion": null, "fecha_creacion": "2025-08-11T15:34:30.399", "fecha_modificacion": null, "comentario_modificacion": null, "marca": "Princesa", "contacto": "Alain Lßzaro Flores", "telefono": "68958794", "estado": true, "imagen": "proveedores/princesa.jpg"}}, {"model": "productos.proveedor", "pk": 23, "fields": {"usuario_creacion": ["ale@gmail.com"], "usuario_modificacion": null, "fecha_creacion": "2025-08-11T15:36:09.656", "fecha_modificacion": null, "comentario_modificacion": null, "marca": "Q' Rico", "contacto": "Alvaro Cortez Anibarro", "telefono": "78956485", "estado": true, "imagen": "proveedores/qrico.jpg"}}, {"model": "productos.proveedor", "pk": 26, "fields": {"usuario_creacion": ["ale@gmail.com"], "usuario_modificacion": null, "fecha_creacion": "2025-08-11T15:39:38.748", "fecha_modificacion": null, "comentario_modificacion": null, "marca": "Lucchetti", "contacto": "Salome Huanca Quispe", "telefono": "78956485", "estado": true, "imagen": "proveedores/lucheti.png"}}, {"model": "productos.proveedor", "pk": 27, "fields": {"usuario_creacion": ["ale@gmail.com"], "usuario_modificacion": null, "fecha_creacion": "2025-08-11T15:44:13.967", "fecha_modificacion": null, "comentario_modificacion": null, "marca": "Aidisa", "contacto": "Kevin Herrera", "telefono": "78958956", "estado": true, "imagen": "proveedores/aidisa.png"}}, {"model": "productos.proveedor", "pk": 28, "fields": {"usuario_creacion": ["ale@gmail.com"], "usuario_modificacion": null, "fecha_creacion": "2025-08-11T15:46:22.992", "fecha_modificacion": null, "comentario_modificacion": null, "marca": "Windsor", "contacto": "David Chiripa", "telefono": "78945897", "estado": true, "imagen": "proveedores/windsord.png"}}, {"model": "productos.proveedor", "pk": 29, "fields": {"usuario_creacion": ["ale@gmail.com"], "usuario_modificacion": null, "fecha_creacion": "2025-08-11T15:47:36.547", "fecha_modificacion": null, "comentario_modificacion": null, "marca": "Ceylßn", "contacto": "Franco Ramiro Quiroz", "telefono": "78958496", "estado": true, "imagen": "proveedores/Ceylan.png"}}, {"model": "productos.proveedor", "pk": 30, "fields": {"usuario_creacion": ["ale@gmail.com"], "usuario_modificacion": null, "fecha_creacion": "2025-08-11T15:50:07.855", "fecha_modificacion": null, "comentario_modificacion": null, "marca": "CafÚ Copacabana", "contacto": "AnahÝ PÚrez Uria", "telefono": "78913569", "estado": true, "imagen": "proveedores/copacabna.jpg"}}, {"model": "productos.proveedor", "pk": 31, "fields": {"usuario_creacion": ["ale@gmail.com"], "usuario_modificacion": null, "fecha_creacion": "2025-08-11T15:54:32.178", "fecha_modificacion": null, "comentario_modificacion": null, "marca": "CafÚ Familia", "contacto": "Mayra Flores", "telefono": "78956140", "estado": true, "imagen": "proveedores/cafeFamilia.jpg"}}, {"model": "productos.proveedor", "pk": 32, "fields": {"usuario_creacion": ["ale@gmail.com"], "usuario_modificacion": null, "fecha_creacion": "2025-08-11T15:58:15.430", "fecha_modificacion": null, "comentario_modificacion": null, "marca": "Ferrari Chezzi", "contacto": "Ofelia Chanbi", "telefono": "64589745", "estado": true, "imagen": "proveedores/ferrariChezzi.jfif"}}, {"model": "productos.proveedor", "pk": 33, "fields": {"usuario_creacion": ["ale@gmail.com"], "usuario_modificacion": null, "fecha_creacion": "2025-08-11T16:00:10.358", "fecha_modificacion": null, "comentario_modificacion": null, "marca": "Companex", "contacto": "Marcela Venegas Loayza", "telefono": "78945682", "estado": true, "imagen": "proveedores/conpanex.jpg"}}, {"model": "productos.proveedor", "pk": 34, "fields": {"usuario_creacion": ["ale@gmail.com"], "usuario_modificacion": null, "fecha_creacion": "2025-08-11T16:05:34.303", "fecha_modificacion": null, "comentario_modificacion": null, "marca": "Gustoso", "contacto": "Mauricion Omar Ordo±ez", "telefono": "78594856", "estado": true, "imagen": "proveedores/gustoso.png"}}, {"model": "productos.categoria", "pk": 1, "fields": {"usuario_creacion": ["ale@gmail.com"], "usuario_modificacion": ["ale@gmail.com"], "fecha_creacion": "2025-08-05T21:35:07.882", "fecha_modificacion": "2025-08-11T00:17:48.708", "comentario_modificacion": "", "nombre": "Bebidas", "descripcion": "Incluye todo tipo de lÝquidos para consumo, como aguas naturales y saborizadas, jugos, refrescos gaseosos, cervezas, vinos y bebidas energÚticas.", "estado": true, "imagen": "categorias/gaseosas.jpg"}}, {"model": "productos.categoria", "pk": 3, "fields": {"usuario_creacion": ["ale@gmail.com"], "usuario_modificacion": null, "fecha_creacion": "2025-08-11T00:04:50.670", "fecha_modificacion": null, "comentario_modificacion": null, "nombre": "Lacteos", "descripcion": "Productos derivados de la leche, como leche lÝquida, yogures, quesos frescos o curados, y mantequilla. Son esenciales para la dieta diaria y suelen mantenerse refrigerados.", "estado": true, "imagen": "categorias/Lacteos.jpg"}}, {"model": "productos.categoria", "pk": 4, "fields": {"usuario_creacion": ["ale@gmail.com"], "usuario_modificacion": null, "fecha_creacion": "2025-08-11T00:12:58.046", "fecha_modificacion": null, "comentario_modificacion": null, "nombre": "Panaderia", "descripcion": "Productos horneados como pan fresco, galletas dulces o saladas, tortas y pan dulce. Se consumen habitualmente en desayunos y meriendas.", "estado": true, "imagen": "categorias/panaderia.jpg"}}, {"model": "productos.categoria", "pk": 5, "fields": {"usuario_creacion": ["ale@gmail.com"], "usuario_modificacion": null, "fecha_creacion": "2025-08-11T00:16:45.490", "fecha_modificacion": null, "comentario_modificacion": null, "nombre": "Carnes y Enbutidos", "descripcion": "Incluye carnes frescas como pollo, res o cerdo, y embutidos procesados como salchichas, jam¾n y chorizos. Son fuentes importantes de proteÝnas.", "estado": true, "imagen": "categorias/carnesEnbutidos.jpg"}}, {"model": "productos.categoria", "pk": 6, "fields": {"usuario_creacion": ["ale@gmail.com"], "usuario_modificacion": null, "fecha_creacion": "2025-08-11T00:22:25.159", "fecha_modificacion": null, "comentario_modificacion": null, "nombre": "Abarrotes", "descripcion": "Productos secos y bßsicos para cocinar, como arroz, fideos, lentejas, frijoles, az·car y sal. Son alimentos no perecederos y de uso frecuente en la cocina.", "estado": true, "imagen": "categorias/abarrotes.jpg"}}, {"model": "productos.categoria", "pk": 7, "fields": {"usuario_creacion": ["ale@gmail.com"], "usuario_modificacion": null, "fecha_creacion": "2025-08-11T00:24:23.207", "fecha_modificacion": null, "comentario_modificacion": null, "nombre": "Aceites y grasas", "descripcion": "Aceites vegetales para cocinar y freÝr, ademßs de grasas como manteca y margarina usadas en la preparaci¾n de alimentos y reposterÝa.", "estado": true, "imagen": "categorias/aceites.jpg"}}, {"model": "productos.categoria", "pk": 8, "fields": {"usuario_creacion": ["ale@gmail.com"], "usuario_modificacion": null, "fecha_creacion": "2025-08-11T00:25:58.310", "fecha_modificacion": null, "comentario_modificacion": null, "nombre": "Snacks", "descripcion": "Aperitivos listos para consumir como papas fritas, manÝ, galletas saladas, chocolates y caramelos. Son productos ideales para picar entre comidas.", "estado": true, "imagen": "categorias/snacks.jpg"}}, {"model": "productos.categoria", "pk": 9, "fields": {"usuario_creacion": ["ale@gmail.com"], "usuario_modificacion": null, "fecha_creacion": "2025-08-11T00:32:32.890", "fecha_modificacion": null, "comentario_modificacion": null, "nombre": "Conservas y enlatados", "descripcion": "Productos almacenados enlatados o en frascos, como at·n, sardinas, sopas instantßneas y frutas enlatadas. Tienen larga duraci¾n y son fßciles de conservar.", "estado": true, "imagen": "categorias/conservas.jpg"}}, {"model": "productos.categoria", "pk": 10, "fields": {"usuario_creacion": ["ale@gmail.com"], "usuario_modificacion": null, "fecha_creacion": "2025-08-11T13:12:16.089", "fecha_modificacion": null, "comentario_modificacion": null, "nombre": "Congelados", "descripcion": "Productos que requieren almacenamiento en congelador como pizzas, nuggets, empanadas, carnes congeladas y helados. Ideales para larga conservaci¾n y preparaci¾n rßpida.", "estado": true, "imagen": "categorias/congelados.jpg"}}]
